y,x
tired,/home/habib/mindcloud/project/dataset/tired/C5127741-5897-468C-A543-7F1B72569F0E-1428333964-1.0-m-26-ti.wav
tired,/home/habib/mindcloud/project/dataset/augmented/aug_tired_418_15.wav
tired,/home/habib/mindcloud/project/dataset/augmented/aug_tired_424_9.wav
hungry,/home/habib/mindcloud/project/dataset/hungry/b4c460d8-bd6b-4017-9bb8-2ae4ff0c5af1-1432751065608-1.7-f-26-hu.wav
tired,/home/habib/mindcloud/project/dataset/augmented/aug_tired_424_2.wav
tired,/home/habib/mindcloud/project/dataset/tired/d6cda191-4962-4308-9a36-46d5648a95ed-1431587899682-1.7-m-04-ti.wav
discomfort,/home/habib/mindcloud/project/dataset/augmented/aug_discomfort_16_3.wav
discomfort,/home/habib/mindcloud/project/dataset/augmented/aug_discomfort_25_9.wav
tired,/home/habib/mindcloud/project/dataset/augmented/aug_tired_414_5.wav
tired,/home/habib/mindcloud/project/dataset/tired/C421C6FE-DFEE-4080-8AEA-848E7CE4756B-1430548384-1.0-m-26-ti.wav
hungry,/home/habib/mindcloud/project/dataset/hungry/89964233-cbdb-4f34-a819-5f4b5ce3f5f5-1430049852345-1.7-f-04-hu.wav
discomfort,/home/habib/mindcloud/project/dataset/augmented/aug_discomfort_0_8.wav
discomfort,/home/habib/mindcloud/project/dataset/augmented/aug_discomfort_12_11.wav
discomfort,/home/habib/mindcloud/project/dataset/augmented/aug_discomfort_9_5.wav
discomfort,/home/habib/mindcloud/project/dataset/augmented/aug_discomfort_24_5.wav
hungry,/home/habib/mindcloud/project/dataset/hungry/8FDA58A7-FDC6-4421-855F-738E6E853E43-1429895742-1.0-m-26-hu.wav
discomfort,/home/habib/mindcloud/project/dataset/discomfort/79FF400A-97E2-4701-987D-C7C850D5523C-1430089688-1.0-f-48-dc.wav
tired,/home/habib/mindcloud/project/dataset/augmented/aug_tired_415_15.wav
hungry,/home/habib/mindcloud/project/dataset/hungry/E2C4BCE0-99FD-49EC-8AB1-5EA5DF7DD8C5-1430042952-1.0-m-04-hu.wav
tired,/home/habib/mindcloud/project/dataset/augmented/aug_tired_420_1.wav
discomfort,/home/habib/mindcloud/project/dataset/discomfort/1309B82C-F146-46F0-A723-45345AFA6EA8-1432801693-1.1-f-26-dc.wav
hungry,/home/habib/mindcloud/project/dataset/hungry/AE02C934-F4E5-4C73-818D-56AA6887EC18-1430279441-1.0-m-26-hu.wav
hungry,/home/habib/mindcloud/project/dataset/hungry/cde108d0-62c3-47f8-82c4-233c9fba5cdd-1436884444242-1.7-m-48-hu.wav
hungry,/home/habib/mindcloud/project/dataset/hungry/602b06a7-31f0-4370-b35a-9cc81d205958-1430739585531-1.7-m-04-hu.wav
tired,/home/habib/mindcloud/project/dataset/augmented/aug_tired_416_9.wav
tired,/home/habib/mindcloud/project/dataset/augmented/aug_tired_416_8.wav
discomfort,/home/habib/mindcloud/project/dataset/augmented/aug_discomfort_11_12.wav
tired,/home/habib/mindcloud/project/dataset/augmented/aug_tired_415_6.wav
discomfort,/home/habib/mindcloud/project/dataset/augmented/aug_discomfort_2_8.wav
tired,/home/habib/mindcloud/project/dataset/augmented/aug_tired_422_13.wav
hungry,/home/habib/mindcloud/project/dataset/hungry/40a4c760-facf-4911-b0a6-22eccc3ab18d-1430466176951-1.7-f-26-hu.wav
hungry,/home/habib/mindcloud/project/dataset/hungry/02ead89b-aa02-453e-8b83-6ebde9fe7551-1430233132879-1.7-m-26-hu.wav
hungry,/home/habib/mindcloud/project/dataset/hungry/2EE636FB-BD76-4118-A0EF-82FAFC32301F-1436586600-1.1-f-04-hu.wav
hungry,/home/habib/mindcloud/project/dataset/hungry/40a4c760-facf-4911-b0a6-22eccc3ab18d-1430477691332-1.7-f-26-hu.wav
tired,/home/habib/mindcloud/project/dataset/augmented/aug_tired_426_2.wav
discomfort,/home/habib/mindcloud/project/dataset/augmented/aug_discomfort_23_4.wav
hungry,/home/habib/mindcloud/project/dataset/hungry/af30880e-5f98-4dc0-b37a-be6b21fa0ba3-1431240037389-1.7-m-26-hu.wav
discomfort,/home/habib/mindcloud/project/dataset/augmented/aug_discomfort_26_12.wav
hungry,/home/habib/mindcloud/project/dataset/hungry/e4051e62-d21d-4bb8-a235-fd7e859ad787-1430740613780-1.7-f-72-hu.wav
tired,/home/habib/mindcloud/project/dataset/augmented/aug_tired_429_7.wav
tired,/home/habib/mindcloud/project/dataset/augmented/aug_tired_416_4.wav
hungry,/home/habib/mindcloud/project/dataset/hungry/7B924575-21FC-462A-969E-BABB46D1CBF5-1430055243-1.0-f-72-hu.wav
discomfort,/home/habib/mindcloud/project/dataset/augmented/aug_discomfort_3_10.wav
hungry,/home/habib/mindcloud/project/dataset/hungry/a7b13b65-da2c-48ec-8aed-46adcaba705f-1430823489236-1.7-f-26-hu.wav
hungry,/home/habib/mindcloud/project/dataset/hungry/9CFD61B9-BF13-406D-8B2F-F73CFAAF25CB-1430927728-1.0-f-04-hu.wav
discomfort,/home/habib/mindcloud/project/dataset/augmented/aug_discomfort_23_6.wav
tired,/home/habib/mindcloud/project/dataset/augmented/aug_tired_427_8.wav
hungry,/home/habib/mindcloud/project/dataset/hungry/6d922623-8424-4625-be4c-4964e0c9e25c-1434898452774-1.7-m-04-hu.wav
hungry,/home/habib/mindcloud/project/dataset/hungry/88da3fbd-926b-4ee7-ae8f-85f92f2783b0-1430114329442-1.7-m-04-hu.wav
tired,/home/habib/mindcloud/project/dataset/augmented/aug_tired_422_4.wav
discomfort,/home/habib/mindcloud/project/dataset/augmented/aug_discomfort_23_2.wav
tired,/home/habib/mindcloud/project/dataset/augmented/aug_tired_422_2.wav
hungry,/home/habib/mindcloud/project/dataset/hungry/9fe37482-6a64-401d-b8b9-3e47d6ed9ac0-1430047399844-1.7-f-26-hu.wav
discomfort,/home/habib/mindcloud/project/dataset/augmented/aug_discomfort_26_9.wav
tired,/home/habib/mindcloud/project/dataset/augmented/aug_tired_423_15.wav
discomfort,/home/habib/mindcloud/project/dataset/augmented/aug_discomfort_23_8.wav
discomfort,/home/habib/mindcloud/project/dataset/augmented/aug_discomfort_20_7.wav
hungry,/home/habib/mindcloud/project/dataset/hungry/c6fd9d60-0fa7-44c0-b3ce-0192527d7b81-1429978271017-1.7-m-04-hu.wav
hungry,/home/habib/mindcloud/project/dataset/hungry/5afc6a14-a9d8-45f8-b31d-c79dd87cc8c6-1430757081034-1.7-m-48-hu.wav
tired,/home/habib/mindcloud/project/dataset/augmented/aug_tired_424_10.wav
discomfort,/home/habib/mindcloud/project/dataset/discomfort/64acb345-a61e-4ef3-a5a6-cf83c04b83f1-1430058990597-1.7-m-72-dc.wav
tired,/home/habib/mindcloud/project/dataset/augmented/aug_tired_418_5.wav
discomfort,/home/habib/mindcloud/project/dataset/augmented/aug_discomfort_4_9.wav
tired,/home/habib/mindcloud/project/dataset/augmented/aug_tired_416_0.wav
tired,/home/habib/mindcloud/project/dataset/augmented/aug_tired_429_14.wav
tired,/home/habib/mindcloud/project/dataset/augmented/aug_tired_412_2.wav
tired,/home/habib/mindcloud/project/dataset/augmented/aug_tired_413_6.wav
discomfort,/home/habib/mindcloud/project/dataset/augmented/aug_discomfort_2_0.wav
tired,/home/habib/mindcloud/project/dataset/augmented/aug_tired_422_14.wav
discomfort,/home/habib/mindcloud/project/dataset/augmented/aug_discomfort_24_2.wav
tired,/home/habib/mindcloud/project/dataset/augmented/aug_tired_414_4.wav
hungry,/home/habib/mindcloud/project/dataset/hungry/3030d0e9-0c9b-4616-9b83-f10dc2dedbfd-1430053594259-1.7-m-26-hu.wav
discomfort,/home/habib/mindcloud/project/dataset/augmented/aug_discomfort_15_8.wav
hungry,/home/habib/mindcloud/project/dataset/hungry/1309B82C-F146-46F0-A723-45345AFA6EA8-1430059849-1.0-f-04-hu.wav
tired,/home/habib/mindcloud/project/dataset/tired/cecd525b-18fd-49e3-b2b9-dfb08b93ad95-1430110029205-1.7-m-26-ti.wav
tired,/home/habib/mindcloud/project/dataset/augmented/aug_tired_415_11.wav
hungry,/home/habib/mindcloud/project/dataset/hungry/101c6709-39fb-44dc-b905-7cbeed5714a2-1434361963544-1.7-f-04-hu.wav
discomfort,/home/habib/mindcloud/project/dataset/augmented/aug_discomfort_21_8.wav
hungry,/home/habib/mindcloud/project/dataset/hungry/39180491-e076-4300-b5de-24e812dca6fe-1435708371348-1.7-f-04-hu.wav
hungry,/home/habib/mindcloud/project/dataset/hungry/40a4c760-facf-4911-b0a6-22eccc3ab18d-1430477756469-1.7-f-26-hu.wav
discomfort,/home/habib/mindcloud/project/dataset/augmented/aug_discomfort_11_6.wav
tired,/home/habib/mindcloud/project/dataset/augmented/aug_tired_412_6.wav
hungry,/home/habib/mindcloud/project/dataset/hungry/8c920fd0-fa9f-4926-bcac-074767dcbfcd-1436850948195-1.7-m-04-hu.wav
discomfort,/home/habib/mindcloud/project/dataset/augmented/aug_discomfort_2_9.wav
discomfort,/home/habib/mindcloud/project/dataset/augmented/aug_discomfort_0_6.wav
discomfort,/home/habib/mindcloud/project/dataset/augmented/aug_discomfort_0_1.wav
tired,/home/habib/mindcloud/project/dataset/augmented/aug_tired_414_8.wav
hungry,/home/habib/mindcloud/project/dataset/hungry/3941D08C-5A97-48A4-8830-091D878137F6-1430099826-1.0-m-72-hu.wav
hungry,/home/habib/mindcloud/project/dataset/hungry/3030d0e9-0c9b-4616-9b83-f10dc2dedbfd-1430326171876-1.7-m-26-hu.wav
discomfort,/home/habib/mindcloud/project/dataset/discomfort/7b0e160e-0505-459e-8ecb-304d7afae9d2-1437486974312-1.7-m-04-dc.wav
discomfort,/home/habib/mindcloud/project/dataset/augmented/aug_discomfort_23_12.wav
discomfort,/home/habib/mindcloud/project/dataset/augmented/aug_discomfort_4_2.wav
tired,/home/habib/mindcloud/project/dataset/augmented/aug_tired_426_9.wav
hungry,/home/habib/mindcloud/project/dataset/hungry/86c2b87a-ae7c-46a3-b6fb-7ebe748812cf-1430036562389-1.7-m-04-hu.wav
hungry,/home/habib/mindcloud/project/dataset/hungry/DB95BF4A-E3E5-4429-A660-DBBCF486E6DF-1430664611-1.0-f-72-hu.wav
discomfort,/home/habib/mindcloud/project/dataset/augmented/aug_discomfort_16_9.wav
hungry,/home/habib/mindcloud/project/dataset/hungry/DB95BF4A-E3E5-4429-A660-DBBCF486E6DF-1430664633-1.0-f-72-hu.wav
hungry,/home/habib/mindcloud/project/dataset/hungry/7060a4f6-4c0c-494b-912c-ae60158b185a-1436931995150-1.7-f-04-hu.wav
tired,/home/habib/mindcloud/project/dataset/augmented/aug_tired_425_14.wav
tired,/home/habib/mindcloud/project/dataset/tired/06c4cfa2-7fa6-4fda-91a1-ea186a4acc64-1430029237378-1.7-f-26-ti.wav
tired,/home/habib/mindcloud/project/dataset/augmented/aug_tired_421_13.wav
discomfort,/home/habib/mindcloud/project/dataset/discomfort/999bf14b-e417-4b44-b746-9253f81efe38-1430844994519-1.7-m-04-ch.wav
discomfort,/home/habib/mindcloud/project/dataset/discomfort/999bf14b-e417-4b44-b746-9253f81efe38-1430845018393-1.7-m-26-ch.wav
tired,/home/habib/mindcloud/project/dataset/augmented/aug_tired_424_14.wav
hungry,/home/habib/mindcloud/project/dataset/hungry/08E9485B-2772-444B-A636-77E14DD14A8C-1431493453-1.0-m-04-hu.wav
hungry,/home/habib/mindcloud/project/dataset/hungry/e0cc5beb-50e5-46ef-852e-c92106216e62-1430143334661-1.7-m-04-hu.wav
discomfort,/home/habib/mindcloud/project/dataset/augmented/aug_discomfort_11_11.wav
discomfort,/home/habib/mindcloud/project/dataset/augmented/aug_discomfort_22_8.wav
hungry,/home/habib/mindcloud/project/dataset/hungry/D833237F-1F7C-4338-BEDE-84C0CF5F4145-1430084007-1.0-f-26-hu.wav
discomfort,/home/habib/mindcloud/project/dataset/discomfort/f258a8e2-92cd-4843-9da4-80ed26ec8e10-1436944996156-1.7-f-26-ch.wav
hungry,/home/habib/mindcloud/project/dataset/hungry/090C15A8-5406-4EA5-97A3-81F6527227C0-1430147533-1.0-m-72-hu.wav
hungry,/home/habib/mindcloud/project/dataset/hungry/86c2b87a-ae7c-46a3-b6fb-7ebe748812cf-1430036593222-1.7-f-26-hu.wav
hungry,/home/habib/mindcloud/project/dataset/hungry/8FDA58A7-FDC6-4421-855F-738E6E853E43-1429895780-1.0-m-26-hu.wav
tired,/home/habib/mindcloud/project/dataset/augmented/aug_tired_431_10.wav
tired,/home/habib/mindcloud/project/dataset/augmented/aug_tired_430_14.wav
tired,/home/habib/mindcloud/project/dataset/augmented/aug_tired_415_5.wav
discomfort,/home/habib/mindcloud/project/dataset/augmented/aug_discomfort_23_7.wav
hungry,/home/habib/mindcloud/project/dataset/hungry/7b0e160e-0505-459e-8ecb-304d7afae9d2-1437486941311-1.7-m-04-hu.wav
discomfort,/home/habib/mindcloud/project/dataset/augmented/aug_discomfort_12_1.wav
hungry,/home/habib/mindcloud/project/dataset/hungry/cecd525b-18fd-49e3-b2b9-dfb08b93ad95-1430109958636-1.7-m-26-hu.wav
hungry,/home/habib/mindcloud/project/dataset/hungry/10A40438-09AA-4A21-83B4-8119F03F7A11-1430925172-1.0-f-26-hu.wav
discomfort,/home/habib/mindcloud/project/dataset/augmented/aug_discomfort_21_6.wav
tired,/home/habib/mindcloud/project/dataset/augmented/aug_tired_423_0.wav
hungry,/home/habib/mindcloud/project/dataset/hungry/5f651112-d2a3-4911-b3a5-f37bfc092494-1430734658837-1.7-m-72-hu.wav
discomfort,/home/habib/mindcloud/project/dataset/augmented/aug_discomfort_20_6.wav
discomfort,/home/habib/mindcloud/project/dataset/augmented/aug_discomfort_0_3.wav
discomfort,/home/habib/mindcloud/project/dataset/augmented/aug_discomfort_9_2.wav
tired,/home/habib/mindcloud/project/dataset/augmented/aug_tired_431_3.wav
discomfort,/home/habib/mindcloud/project/dataset/augmented/aug_discomfort_14_12.wav
discomfort,/home/habib/mindcloud/project/dataset/augmented/aug_discomfort_20_8.wav
hungry,/home/habib/mindcloud/project/dataset/hungry/a40b9b8d-e4bc-457a-badf-f38bdbc0c358-1430016745385-1.7-m-04-hu.wav
tired,/home/habib/mindcloud/project/dataset/augmented/aug_tired_426_7.wav
hungry,/home/habib/mindcloud/project/dataset/hungry/B456CE9D-CBD4-43E5-899B-8B8B0483F17D-1431015486-1.0-m-72-hu.wav
hungry,/home/habib/mindcloud/project/dataset/hungry/999bf14b-e417-4b44-b746-9253f81efe38-1431013068243-1.7-m-26-hu.wav
discomfort,/home/habib/mindcloud/project/dataset/augmented/aug_discomfort_23_9.wav
hungry,/home/habib/mindcloud/project/dataset/hungry/ae5a462b-5424-4b5b-82d5-07ccb61654ab-1430405436291-1.7-f-04-hu.wav
tired,/home/habib/mindcloud/project/dataset/augmented/aug_tired_415_13.wav
tired,/home/habib/mindcloud/project/dataset/augmented/aug_tired_414_3.wav
discomfort,/home/habib/mindcloud/project/dataset/augmented/aug_discomfort_12_6.wav
discomfort,/home/habib/mindcloud/project/dataset/augmented/aug_discomfort_13_11.wav
hungry,/home/habib/mindcloud/project/dataset/hungry/85FAB169-4DCC-406D-AC93-2F6A8D797DAB-1437632141-1.1-m-04-hu.wav
tired,/home/habib/mindcloud/project/dataset/augmented/aug_tired_432_13.wav
tired,/home/habib/mindcloud/project/dataset/augmented/aug_tired_430_4.wav
discomfort,/home/habib/mindcloud/project/dataset/augmented/aug_discomfort_14_0.wav
discomfort,/home/habib/mindcloud/project/dataset/augmented/aug_discomfort_21_10.wav
discomfort,/home/habib/mindcloud/project/dataset/augmented/aug_discomfort_7_3.wav
tired,/home/habib/mindcloud/project/dataset/augmented/aug_tired_432_14.wav
tired,/home/habib/mindcloud/project/dataset/augmented/aug_tired_420_4.wav
hungry,/home/habib/mindcloud/project/dataset/hungry/1f40790f-68f2-4e7e-845e-715bd97c82d0-1429979568422-1.7-m-04-hu.wav
discomfort,/home/habib/mindcloud/project/dataset/augmented/aug_discomfort_4_1.wav
tired,/home/habib/mindcloud/project/dataset/augmented/aug_tired_420_10.wav
discomfort,/home/habib/mindcloud/project/dataset/augmented/aug_discomfort_17_2.wav
hungry,/home/habib/mindcloud/project/dataset/hungry/ed31b187-34af-4ff1-979c-3b8a5905fb7b-1430044897699-1.7-f-48-hu.wav
discomfort,/home/habib/mindcloud/project/dataset/augmented/aug_discomfort_22_7.wav
hungry,/home/habib/mindcloud/project/dataset/hungry/D54D9C2A-56ED-4338-9D1F-2ADB4E081DAD-1430036301-1.0-m-48-hu.wav
discomfort,/home/habib/mindcloud/project/dataset/augmented/aug_discomfort_24_10.wav
hungry,/home/habib/mindcloud/project/dataset/hungry/9641D2D5-7D9F-41B2-8345-229AE9555FEC-1430022546-1.0-m-72-hu.wav
hungry,/home/habib/mindcloud/project/dataset/hungry/fa8620d3-e7db-4101-aff0-28dbf0d96a5f-1434465485354-1.7-f-04-hu.wav
discomfort,/home/habib/mindcloud/project/dataset/augmented/aug_discomfort_0_11.wav
tired,/home/habib/mindcloud/project/dataset/augmented/aug_tired_425_12.wav
discomfort,/home/habib/mindcloud/project/dataset/augmented/aug_discomfort_26_11.wav
tired,/home/habib/mindcloud/project/dataset/augmented/aug_tired_412_1.wav
discomfort,/home/habib/mindcloud/project/dataset/discomfort/837fd072-8704-4196-9ff1-1d2c07886e55-1432429478471-1.7-m-22-dc.wav
hungry,/home/habib/mindcloud/project/dataset/hungry/f896b69d-6241-4b51-9c45-0d628bc827c1-1430090274181-1.7-m-04-hu.wav
discomfort,/home/habib/mindcloud/project/dataset/augmented/aug_discomfort_11_8.wav
discomfort,/home/habib/mindcloud/project/dataset/augmented/aug_discomfort_20_3.wav
hungry,/home/habib/mindcloud/project/dataset/hungry/b5044f9a-6f2e-44fc-8e04-9076a988acf2-1435544527174-1.7-m-04-hu.wav
hungry,/home/habib/mindcloud/project/dataset/hungry/24f2a4e1-7161-42a3-a2a2-a29a2422c0b8-1430814741368-1.7-f-26-hu.wav
hungry,/home/habib/mindcloud/project/dataset/hungry/d6cda191-4962-4308-9a36-46d5648a95ed-1431882032820-1.7-m-04-hu.wav
discomfort,/home/habib/mindcloud/project/dataset/augmented/aug_discomfort_11_1.wav
hungry,/home/habib/mindcloud/project/dataset/hungry/4cefc13c-e7c0-4b5a-bddb-c40c103e640a-1431583459308-1.7-f-26-hu.wav
tired,/home/habib/mindcloud/project/dataset/augmented/aug_tired_413_4.wav
tired,/home/habib/mindcloud/project/dataset/augmented/aug_tired_423_10.wav
tired,/home/habib/mindcloud/project/dataset/augmented/aug_tired_425_2.wav
hungry,/home/habib/mindcloud/project/dataset/hungry/40a4c760-facf-4911-b0a6-22eccc3ab18d-1430466164038-1.7-f-26-hu.wav
hungry,/home/habib/mindcloud/project/dataset/hungry/bb2bdafb-0477-4be4-8c41-1a6192e8c6d4-1430637736064-1.7-m-72-hu.wav
tired,/home/habib/mindcloud/project/dataset/augmented/aug_tired_415_14.wav
tired,/home/habib/mindcloud/project/dataset/augmented/aug_tired_420_14.wav
discomfort,/home/habib/mindcloud/project/dataset/augmented/aug_discomfort_14_5.wav
tired,/home/habib/mindcloud/project/dataset/augmented/aug_tired_431_4.wav
discomfort,/home/habib/mindcloud/project/dataset/discomfort/665BDF6D-2897-49F9-8AD0-978B3B2A0468-1430530218-1.0-m-26-dc.wav
tired,/home/habib/mindcloud/project/dataset/augmented/aug_tired_430_15.wav
tired,/home/habib/mindcloud/project/dataset/augmented/aug_tired_413_9.wav
discomfort,/home/habib/mindcloud/project/dataset/augmented/aug_discomfort_15_9.wav
tired,/home/habib/mindcloud/project/dataset/augmented/aug_tired_412_5.wav
tired,/home/habib/mindcloud/project/dataset/augmented/aug_tired_426_15.wav
tired,/home/habib/mindcloud/project/dataset/augmented/aug_tired_414_6.wav
hungry,/home/habib/mindcloud/project/dataset/hungry/602b06a7-31f0-4370-b35a-9cc81d205958-1430907796431-1.7-f-72-hu.wav
hungry,/home/habib/mindcloud/project/dataset/hungry/a56e2494-d2b2-480e-af0b-de9ea8f33572-1436897427825-1.7-f-26-hu.wav
hungry,/home/habib/mindcloud/project/dataset/hungry/0f257dac-7d6f-4575-9192-e3b4dcd3d4ef-1430185441581-1.7-f-26-hu.wav
tired,/home/habib/mindcloud/project/dataset/augmented/aug_tired_415_0.wav
tired,/home/habib/mindcloud/project/dataset/augmented/aug_tired_429_3.wav
tired,/home/habib/mindcloud/project/dataset/augmented/aug_tired_427_10.wav
discomfort,/home/habib/mindcloud/project/dataset/augmented/aug_discomfort_11_7.wav
tired,/home/habib/mindcloud/project/dataset/augmented/aug_tired_423_14.wav
hungry,/home/habib/mindcloud/project/dataset/hungry/50DC5FBC-AC95-44F2-B55F-E4E5FB03AC96-1430108024-1.0-m-26-hu.wav
hungry,/home/habib/mindcloud/project/dataset/hungry/40a4c760-facf-4911-b0a6-22eccc3ab18d-1430466393384-1.7-f-26-hu.wav
hungry,/home/habib/mindcloud/project/dataset/hungry/9CFD61B9-BF13-406D-8B2F-F73CFAAF25CB-1430927741-1.0-f-04-hu.wav
hungry,/home/habib/mindcloud/project/dataset/hungry/F95D4BCE-2FB0-4A0C-A058-BFB0674539AF-1430055800-1.0-m-26-hu.wav
hungry,/home/habib/mindcloud/project/dataset/hungry/f896b69d-6241-4b51-9c45-0d628bc827c1-1430090400166-1.7-m-72-hu.wav
discomfort,/home/habib/mindcloud/project/dataset/augmented/aug_discomfort_22_11.wav
tired,/home/habib/mindcloud/project/dataset/augmented/aug_tired_427_7.wav
discomfort,/home/habib/mindcloud/project/dataset/augmented/aug_discomfort_25_10.wav
tired,/home/habib/mindcloud/project/dataset/augmented/aug_tired_425_7.wav
hungry,/home/habib/mindcloud/project/dataset/hungry/8b1faa77-e3ac-48af-bf2a-58aadebefcba-1436798541805-1.7-m-04-hu.wav
tired,/home/habib/mindcloud/project/dataset/augmented/aug_tired_425_6.wav
hungry,/home/habib/mindcloud/project/dataset/hungry/8f4dbf5a-b504-4452-b6ac-94e646a6a052-1430729451597-1.7-f-72-hu.wav
discomfort,/home/habib/mindcloud/project/dataset/augmented/aug_discomfort_22_10.wav
tired,/home/habib/mindcloud/project/dataset/augmented/aug_tired_431_12.wav
discomfort,/home/habib/mindcloud/project/dataset/augmented/aug_discomfort_5_9.wav
discomfort,/home/habib/mindcloud/project/dataset/augmented/aug_discomfort_7_10.wav
tired,/home/habib/mindcloud/project/dataset/augmented/aug_tired_430_2.wav
hungry,/home/habib/mindcloud/project/dataset/hungry/9090c7a3-bebc-4485-aafc-64e4298da3ac-1430088396663-1.7-f-26-hu.wav
hungry,/home/habib/mindcloud/project/dataset/hungry/c7fef089-4a65-4b75-bfd4-bae0e3518adf-1430754388848-1.7-m-04-hu.wav
tired,/home/habib/mindcloud/project/dataset/augmented/aug_tired_420_0.wav
discomfort,/home/habib/mindcloud/project/dataset/augmented/aug_discomfort_25_5.wav
hungry,/home/habib/mindcloud/project/dataset/hungry/B2A105BB-347B-4878-A735-AA4ECF32CD16-1436864116-1.1-m-26-hu.wav
hungry,/home/habib/mindcloud/project/dataset/hungry/376C006E-3664-4056-80D0-7661F631A062-1436930593-1.1-m-26-hu.wav
tired,/home/habib/mindcloud/project/dataset/augmented/aug_tired_429_4.wav
tired,/home/habib/mindcloud/project/dataset/augmented/aug_tired_418_9.wav
discomfort,/home/habib/mindcloud/project/dataset/augmented/aug_discomfort_13_7.wav
tired,/home/habib/mindcloud/project/dataset/augmented/aug_tired_420_13.wav
hungry,/home/habib/mindcloud/project/dataset/hungry/1f40790f-68f2-4e7e-845e-715bd97c82d0-1429979603276-1.7-m-72-hu.wav
tired,/home/habib/mindcloud/project/dataset/augmented/aug_tired_420_15.wav
tired,/home/habib/mindcloud/project/dataset/augmented/aug_tired_425_1.wav
hungry,/home/habib/mindcloud/project/dataset/hungry/F4A0C710-AC2D-42E0-8EA9-3E4CAC31EE20-1430318416-1.0-m-04-hu.wav
discomfort,/home/habib/mindcloud/project/dataset/augmented/aug_discomfort_25_2.wav
hungry,/home/habib/mindcloud/project/dataset/hungry/3bb2445a-9ae9-4dc8-9a2e-86c696ffa405-1430146536552-1.7-m-26-hu.wav
discomfort,/home/habib/mindcloud/project/dataset/augmented/aug_discomfort_24_12.wav
hungry,/home/habib/mindcloud/project/dataset/hungry/2602b7c2-e96d-42f6-9767-f1ae74925ef8-1431376228657-1.7-f-22-hu.wav
discomfort,/home/habib/mindcloud/project/dataset/augmented/aug_discomfort_17_1.wav
discomfort,/home/habib/mindcloud/project/dataset/augmented/aug_discomfort_26_5.wav
hungry,/home/habib/mindcloud/project/dataset/hungry/AE02C934-F4E5-4C73-818D-56AA6887EC18-1430279454-1.0-m-26-hu.wav
hungry,/home/habib/mindcloud/project/dataset/hungry/efd13da0-d40e-48bc-b14e-dee28af4d3c6-1430728179252-1.7-m-22-hu.wav
hungry,/home/habib/mindcloud/project/dataset/hungry/92d08bbe-553f-4844-85b1-15d572f06ea2-1436873211119-1.7-m-04-hu.wav
tired,/home/habib/mindcloud/project/dataset/augmented/aug_tired_418_3.wav
tired,/home/habib/mindcloud/project/dataset/augmented/aug_tired_426_6.wav
hungry,/home/habib/mindcloud/project/dataset/hungry/e4051e62-d21d-4bb8-a235-fd7e859ad787-1430739655763-1.7-m-04-hu.wav
hungry,/home/habib/mindcloud/project/dataset/hungry/999bf14b-e417-4b44-b746-9253f81efe38-1430844940177-1.7-m-04-hu.wav
discomfort,/home/habib/mindcloud/project/dataset/augmented/aug_discomfort_14_4.wav
tired,/home/habib/mindcloud/project/dataset/augmented/aug_tired_418_0.wav
tired,/home/habib/mindcloud/project/dataset/augmented/aug_tired_431_2.wav
discomfort,/home/habib/mindcloud/project/dataset/augmented/aug_discomfort_9_4.wav
hungry,/home/habib/mindcloud/project/dataset/hungry/3c51dedc-6e4c-47dd-a179-86a25e95f1ef-1430651049104-1.7-m-72-hu.wav
tired,/home/habib/mindcloud/project/dataset/augmented/aug_tired_426_14.wav
tired,/home/habib/mindcloud/project/dataset/augmented/aug_tired_424_5.wav
hungry,/home/habib/mindcloud/project/dataset/hungry/3941D08C-5A97-48A4-8830-091D878137F6-1430099813-1.0-m-72-hu.wav
tired,/home/habib/mindcloud/project/dataset/tired/7A22229D-06C2-4AAA-9674-DE5DF1906B3A-1436891944-1.1-m-72-ti.wav
tired,/home/habib/mindcloud/project/dataset/augmented/aug_tired_424_12.wav
tired,/home/habib/mindcloud/project/dataset/augmented/aug_tired_414_11.wav
hungry,/home/habib/mindcloud/project/dataset/hungry/7A864194-4B6B-4850-ABBF-0C2A8170107B-1436846824-1.1-f-26-hu.wav
tired,/home/habib/mindcloud/project/dataset/augmented/aug_tired_413_7.wav
hungry,/home/habib/mindcloud/project/dataset/hungry/7B924575-21FC-462A-969E-BABB46D1CBF5-1430055234-1.0-f-72-hu.wav
tired,/home/habib/mindcloud/project/dataset/augmented/aug_tired_424_1.wav
tired,/home/habib/mindcloud/project/dataset/augmented/aug_tired_412_8.wav
discomfort,/home/habib/mindcloud/project/dataset/augmented/aug_discomfort_6_5.wav
hungry,/home/habib/mindcloud/project/dataset/hungry/2e25d0a5-0b2b-44ef-8491-e445b16ea75c-1430056332640-1.7-f-26-hu.wav
discomfort,/home/habib/mindcloud/project/dataset/augmented/aug_discomfort_12_7.wav
tired,/home/habib/mindcloud/project/dataset/augmented/aug_tired_424_6.wav
tired,/home/habib/mindcloud/project/dataset/augmented/aug_tired_422_0.wav
tired,/home/habib/mindcloud/project/dataset/augmented/aug_tired_418_8.wav
discomfort,/home/habib/mindcloud/project/dataset/augmented/aug_discomfort_17_10.wav
discomfort,/home/habib/mindcloud/project/dataset/augmented/aug_discomfort_24_0.wav
discomfort,/home/habib/mindcloud/project/dataset/augmented/aug_discomfort_25_12.wav
discomfort,/home/habib/mindcloud/project/dataset/augmented/aug_discomfort_4_7.wav
hungry,/home/habib/mindcloud/project/dataset/hungry/3bb2445a-9ae9-4dc8-9a2e-86c696ffa405-1430122381138-1.7-m-26-hu.wav
hungry,/home/habib/mindcloud/project/dataset/hungry/d6cda191-4962-4308-9a36-46d5648a95ed-1428333797380-1.5-f-26-hu.wav
discomfort,/home/habib/mindcloud/project/dataset/discomfort/11417AC2-DCC9-48CD-8177-CA8665E51B2F-1436881512-1.1-m-48-dc.wav
discomfort,/home/habib/mindcloud/project/dataset/augmented/aug_discomfort_21_4.wav
tired,/home/habib/mindcloud/project/dataset/augmented/aug_tired_414_1.wav
tired,/home/habib/mindcloud/project/dataset/augmented/aug_tired_423_4.wav
tired,/home/habib/mindcloud/project/dataset/augmented/aug_tired_426_5.wav
tired,/home/habib/mindcloud/project/dataset/augmented/aug_tired_425_10.wav
hungry,/home/habib/mindcloud/project/dataset/hungry/0F4B1065-4012-47C8-88B7-ACE11B1A536E-1430038775-1.0-m-04-hu.wav
discomfort,/home/habib/mindcloud/project/dataset/augmented/aug_discomfort_16_0.wav
tired,/home/habib/mindcloud/project/dataset/augmented/aug_tired_429_13.wav
tired,/home/habib/mindcloud/project/dataset/augmented/aug_tired_418_1.wav
tired,/home/habib/mindcloud/project/dataset/augmented/aug_tired_421_7.wav
discomfort,/home/habib/mindcloud/project/dataset/augmented/aug_discomfort_3_8.wav
tired,/home/habib/mindcloud/project/dataset/augmented/aug_tired_421_9.wav
tired,/home/habib/mindcloud/project/dataset/augmented/aug_tired_415_9.wav
tired,/home/habib/mindcloud/project/dataset/augmented/aug_tired_432_15.wav
discomfort,/home/habib/mindcloud/project/dataset/augmented/aug_discomfort_9_1.wav
tired,/home/habib/mindcloud/project/dataset/augmented/aug_tired_430_7.wav
hungry,/home/habib/mindcloud/project/dataset/hungry/7A864194-4B6B-4850-ABBF-0C2A8170107B-1436846797-1.1-f-26-hu.wav
tired,/home/habib/mindcloud/project/dataset/augmented/aug_tired_421_3.wav
discomfort,/home/habib/mindcloud/project/dataset/augmented/aug_discomfort_0_7.wav
tired,/home/habib/mindcloud/project/dataset/augmented/aug_tired_432_1.wav
discomfort,/home/habib/mindcloud/project/dataset/augmented/aug_discomfort_21_7.wav
hungry,/home/habib/mindcloud/project/dataset/hungry/afa44e7f-4187-4f1c-9437-b49ba75f542e-1430629785235-1.7-f-04-hu.wav
discomfort,/home/habib/mindcloud/project/dataset/augmented/aug_discomfort_2_12.wav
hungry,/home/habib/mindcloud/project/dataset/hungry/40a4c760-facf-4911-b0a6-22eccc3ab18d-1430477717469-1.7-f-26-hu.wav
discomfort,/home/habib/mindcloud/project/dataset/augmented/aug_discomfort_16_7.wav
discomfort,/home/habib/mindcloud/project/dataset/augmented/aug_discomfort_21_0.wav
tired,/home/habib/mindcloud/project/dataset/tired/7A22229D-06C2-4AAA-9674-DE5DF1906B3A-1436891957-1.1-m-72-ti.wav
hungry,/home/habib/mindcloud/project/dataset/hungry/5C2F730C-9721-40B7-A2D8-C257DB518978-1429966327-1.0-m-04-hu.wav
hungry,/home/habib/mindcloud/project/dataset/hungry/177dc72e-d0f8-47ef-a5a7-3b46878e11a0-1430736358754-1.7-f-26-hu.wav
tired,/home/habib/mindcloud/project/dataset/augmented/aug_tired_415_4.wav
discomfort,/home/habib/mindcloud/project/dataset/augmented/aug_discomfort_16_10.wav
hungry,/home/habib/mindcloud/project/dataset/hungry/dc5429de-26b4-48e2-bc47-bc607b9bba06-1430741828918-1.7-f-72-hu.wav
discomfort,/home/habib/mindcloud/project/dataset/discomfort/64acb345-a61e-4ef3-a5a6-cf83c04b83f1-1430059012473-1.7-m-72-dc.wav
hungry,/home/habib/mindcloud/project/dataset/hungry/4be720ce-a5e5-4a48-930f-a212f8a239f6-1434737694572-1.7-f-48-hu.wav
discomfort,/home/habib/mindcloud/project/dataset/augmented/aug_discomfort_26_0.wav
hungry,/home/habib/mindcloud/project/dataset/hungry/3DF341FA-E90B-4335-A51A-A9B0769150CE-1436859277-1.1-m-04-hu.wav
hungry,/home/habib/mindcloud/project/dataset/hungry/A123AD65-38D3-4A65-AB37-330034765840-1430093687-1.0-m-04-hu.wav
discomfort,/home/habib/mindcloud/project/dataset/augmented/aug_discomfort_11_0.wav
hungry,/home/habib/mindcloud/project/dataset/hungry/D833237F-1F7C-4338-BEDE-84C0CF5F4145-1430083995-1.0-f-26-hu.wav
tired,/home/habib/mindcloud/project/dataset/augmented/aug_tired_412_9.wav
hungry,/home/habib/mindcloud/project/dataset/hungry/04c3386b-e6bc-4bd0-8456-d46ae21a73fc-1435305829013-1.7-f-26-hu.wav
hungry,/home/habib/mindcloud/project/dataset/hungry/11417AC2-DCC9-48CD-8177-CA8665E51B2F-1436881489-1.1-m-48-hu.wav
tired,/home/habib/mindcloud/project/dataset/tired/d6cda191-4962-4308-9a36-46d5648a95ed-1431587887997-1.7-m-04-ti.wav
discomfort,/home/habib/mindcloud/project/dataset/augmented/aug_discomfort_11_4.wav
tired,/home/habib/mindcloud/project/dataset/augmented/aug_tired_421_12.wav
hungry,/home/habib/mindcloud/project/dataset/hungry/818A32F4-D5D8-426C-B88C-81A8154AC81A-1430093571-1.0-m-26-hu.wav
tired,/home/habib/mindcloud/project/dataset/augmented/aug_tired_427_2.wav
tired,/home/habib/mindcloud/project/dataset/augmented/aug_tired_414_10.wav
discomfort,/home/habib/mindcloud/project/dataset/augmented/aug_discomfort_12_8.wav
hungry,/home/habib/mindcloud/project/dataset/hungry/19aae3d1-51c6-4ffb-aeb8-efb6ae7ba83e-1436861395462-1.7-m-48-hu.wav
hungry,/home/habib/mindcloud/project/dataset/hungry/5C2F730C-9721-40B7-A2D8-C257DB518978-1429966336-1.0-m-04-hu.wav
hungry,/home/habib/mindcloud/project/dataset/hungry/B327333E-2DE2-4833-A75A-4C576208BED3-1430087456-1.0-f-48-hu.wav
tired,/home/habib/mindcloud/project/dataset/augmented/aug_tired_432_5.wav
tired,/home/habib/mindcloud/project/dataset/augmented/aug_tired_416_5.wav
hungry,/home/habib/mindcloud/project/dataset/hungry/5728DDD6-149B-412F-A14B-C29B9B5E415F-1432635047-1.0-m-26-hu.wav
tired,/home/habib/mindcloud/project/dataset/augmented/aug_tired_421_8.wav
discomfort,/home/habib/mindcloud/project/dataset/augmented/aug_discomfort_6_2.wav
hungry,/home/habib/mindcloud/project/dataset/hungry/e36730a9-d62b-4752-856f-b42feb1585df-1429975817524-1.7-m-04-hu.wav
tired,/home/habib/mindcloud/project/dataset/tired/03ADDCFB-354E-416D-BF32-260CF47F7060-1433658024-1.1-f-04-ti.wav
tired,/home/habib/mindcloud/project/dataset/augmented/aug_tired_432_8.wav
hungry,/home/habib/mindcloud/project/dataset/hungry/ca7d8d54-13cb-4060-8db4-90651b60c078-1434674769219-1.7-f-26-hu.wav
discomfort,/home/habib/mindcloud/project/dataset/augmented/aug_discomfort_26_3.wav
hungry,/home/habib/mindcloud/project/dataset/hungry/6bd76f21-f279-4c46-9453-58c95e7b2475-1430767927715-1.7-m-72-hu.wav
tired,/home/habib/mindcloud/project/dataset/augmented/aug_tired_430_8.wav
discomfort,/home/habib/mindcloud/project/dataset/augmented/aug_discomfort_11_3.wav
discomfort,/home/habib/mindcloud/project/dataset/augmented/aug_discomfort_5_7.wav
hungry,/home/habib/mindcloud/project/dataset/hungry/719bb382-a592-46b7-82d2-8b4a625263b7-1430376562788-1.7-m-48-hu.wav
tired,/home/habib/mindcloud/project/dataset/augmented/aug_tired_418_6.wav
tired,/home/habib/mindcloud/project/dataset/augmented/aug_tired_426_11.wav
discomfort,/home/habib/mindcloud/project/dataset/augmented/aug_discomfort_11_9.wav
hungry,/home/habib/mindcloud/project/dataset/hungry/C421C6FE-DFEE-4080-8AEA-848E7CE4756B-1430548250-1.0-f-48-hu.wav
tired,/home/habib/mindcloud/project/dataset/augmented/aug_tired_422_3.wav
tired,/home/habib/mindcloud/project/dataset/augmented/aug_tired_432_10.wav
discomfort,/home/habib/mindcloud/project/dataset/augmented/aug_discomfort_12_9.wav
hungry,/home/habib/mindcloud/project/dataset/hungry/36f1b3ec-3d2a-470e-af6f-0a8cc11b2723-1430237012976-1.7-m-04-hu.wav
discomfort,/home/habib/mindcloud/project/dataset/augmented/aug_discomfort_6_3.wav
tired,/home/habib/mindcloud/project/dataset/augmented/aug_tired_416_10.wav
tired,/home/habib/mindcloud/project/dataset/augmented/aug_tired_422_6.wav
tired,/home/habib/mindcloud/project/dataset/augmented/aug_tired_420_9.wav
hungry,/home/habib/mindcloud/project/dataset/hungry/8f4dbf5a-b504-4452-b6ac-94e646a6a052-1430735157938-1.7-f-72-hu.wav
discomfort,/home/habib/mindcloud/project/dataset/augmented/aug_discomfort_25_3.wav
discomfort,/home/habib/mindcloud/project/dataset/augmented/aug_discomfort_26_6.wav
discomfort,/home/habib/mindcloud/project/dataset/augmented/aug_discomfort_9_11.wav
hungry,/home/habib/mindcloud/project/dataset/hungry/ae5f103b-5fee-442f-bb1b-d9d0570c46ab-1431533809819-1.7-m-26-hu.wav
hungry,/home/habib/mindcloud/project/dataset/hungry/7b23d26e-6f97-4e8b-b520-a9fdde21ee91-1432261716253-1.7-m-48-hu.wav
hungry,/home/habib/mindcloud/project/dataset/hungry/D1CB71F9-EF76-49B3-A703-41D557444D21-1436863375-1.1-m-04-hu.wav
hungry,/home/habib/mindcloud/project/dataset/hungry/045C5483-69E1-4BEC-B1D8-9286D174B9B2-1430102996-1.0-m-04-hu.wav
tired,/home/habib/mindcloud/project/dataset/augmented/aug_tired_424_4.wav
tired,/home/habib/mindcloud/project/dataset/augmented/aug_tired_416_13.wav
discomfort,/home/habib/mindcloud/project/dataset/augmented/aug_discomfort_3_7.wav
hungry,/home/habib/mindcloud/project/dataset/hungry/B327333E-2DE2-4833-A75A-4C576208BED3-1430087429-1.0-f-48-hu.wav
hungry,/home/habib/mindcloud/project/dataset/hungry/02c3b725-26e4-4a2c-9336-04ddc58836d9-1430726196216-1.7-m-04-hu.wav
tired,/home/habib/mindcloud/project/dataset/augmented/aug_tired_423_11.wav
tired,/home/habib/mindcloud/project/dataset/augmented/aug_tired_430_11.wav
hungry,/home/habib/mindcloud/project/dataset/hungry/549a46d8-9c84-430e-ade8-97eae2bef787-1430130669340-1.7-m-48-hu.wav
discomfort,/home/habib/mindcloud/project/dataset/augmented/aug_discomfort_26_10.wav
discomfort,/home/habib/mindcloud/project/dataset/augmented/aug_discomfort_3_1.wav
tired,/home/habib/mindcloud/project/dataset/augmented/aug_tired_430_3.wav
tired,/home/habib/mindcloud/project/dataset/augmented/aug_tired_425_15.wav
tired,/home/habib/mindcloud/project/dataset/augmented/aug_tired_424_7.wav
tired,/home/habib/mindcloud/project/dataset/augmented/aug_tired_412_7.wav
hungry,/home/habib/mindcloud/project/dataset/hungry/FF2CD2F6-404D-4626-8718-6E6C751F63B8-1431104396-1.0-m-04-hu.wav
discomfort,/home/habib/mindcloud/project/dataset/augmented/aug_discomfort_22_4.wav
tired,/home/habib/mindcloud/project/dataset/augmented/aug_tired_413_10.wav
discomfort,/home/habib/mindcloud/project/dataset/augmented/aug_discomfort_16_4.wav
hungry,/home/habib/mindcloud/project/dataset/hungry/FF482278-24C9-4FB0-A7BE-FD92D1FE17B4-1430028319-1.0-m-26-hu.wav
hungry,/home/habib/mindcloud/project/dataset/hungry/bfbc4d23-39b2-4b33-b686-2f048f062b60-1430077722675-1.7-f-72-hu.wav
discomfort,/home/habib/mindcloud/project/dataset/augmented/aug_discomfort_12_10.wav
discomfort,/home/habib/mindcloud/project/dataset/augmented/aug_discomfort_24_4.wav
tired,/home/habib/mindcloud/project/dataset/augmented/aug_tired_418_13.wav
hungry,/home/habib/mindcloud/project/dataset/hungry/c10e2b0f-0cb8-4485-b82f-d453edf97db7-1430739179429-1.7-f-26-hu.wav
hungry,/home/habib/mindcloud/project/dataset/hungry/0776b33b-c41a-4a2e-8b9c-f1c184be00c8-1437123838264-1.7-f-26-hu.wav
discomfort,/home/habib/mindcloud/project/dataset/augmented/aug_discomfort_26_7.wav
discomfort,/home/habib/mindcloud/project/dataset/augmented/aug_discomfort_7_11.wav
hungry,/home/habib/mindcloud/project/dataset/hungry/2ad6d558-32f2-4bfd-99c5-cbd31ee3bb11-1430064396119-1.7-m-72-hu.wav
hungry,/home/habib/mindcloud/project/dataset/hungry/F4A0C710-AC2D-42E0-8EA9-3E4CAC31EE20-1430318390-1.0-m-04-hu.wav
discomfort,/home/habib/mindcloud/project/dataset/augmented/aug_discomfort_0_0.wav
hungry,/home/habib/mindcloud/project/dataset/hungry/d79affbc-f7b4-4ef0-ae57-be5da4b827bf-1430761528998-1.7-m-72-hu.wav
discomfort,/home/habib/mindcloud/project/dataset/augmented/aug_discomfort_26_2.wav
hungry,/home/habib/mindcloud/project/dataset/hungry/8f4dbf5a-b504-4452-b6ac-94e646a6a052-1430727806162-1.7-f-72-hu.wav
hungry,/home/habib/mindcloud/project/dataset/hungry/8c920fd0-fa9f-4926-bcac-074767dcbfcd-1436856382717-1.7-m-04-hu.wav
discomfort,/home/habib/mindcloud/project/dataset/augmented/aug_discomfort_22_1.wav
tired,/home/habib/mindcloud/project/dataset/augmented/aug_tired_432_11.wav
discomfort,/home/habib/mindcloud/project/dataset/augmented/aug_discomfort_2_6.wav
tired,/home/habib/mindcloud/project/dataset/augmented/aug_tired_429_12.wav
tired,/home/habib/mindcloud/project/dataset/augmented/aug_tired_429_2.wav
discomfort,/home/habib/mindcloud/project/dataset/augmented/aug_discomfort_11_2.wav
hungry,/home/habib/mindcloud/project/dataset/hungry/189b78c6-9e78-43f2-bcb8-6cc8a462f4dc-1430807938301-1.7-m-22-hu.wav
hungry,/home/habib/mindcloud/project/dataset/hungry/5b49f19f-a3a7-411e-bb32-755da3cbd6f0-1430029991480-1.7-m-48-hu.wav
tired,/home/habib/mindcloud/project/dataset/augmented/aug_tired_423_2.wav
tired,/home/habib/mindcloud/project/dataset/augmented/aug_tired_416_6.wav
hungry,/home/habib/mindcloud/project/dataset/hungry/A123AD65-38D3-4A65-AB37-330034765840-1430093699-1.0-m-04-hu.wav
hungry,/home/habib/mindcloud/project/dataset/hungry/8057932d-a6af-4d63-903b-37049686e176-1430919675907-1.7-f-72-hu.wav
hungry,/home/habib/mindcloud/project/dataset/hungry/3c0b4e07-33ec-4d68-a6b2-5f5dcb8cff8e-1430070829977-1.7-m-26-hu.wav
hungry,/home/habib/mindcloud/project/dataset/hungry/40a4c760-facf-4911-b0a6-22eccc3ab18d-1430477780076-1.7-f-26-hu.wav
tired,/home/habib/mindcloud/project/dataset/augmented/aug_tired_414_12.wav
tired,/home/habib/mindcloud/project/dataset/augmented/aug_tired_429_6.wav
discomfort,/home/habib/mindcloud/project/dataset/augmented/aug_discomfort_17_0.wav
hungry,/home/habib/mindcloud/project/dataset/hungry/22b43570-d440-475b-b2f1-e528c81081f7-1430663490095-1.7-m-04-hu.wav
hungry,/home/habib/mindcloud/project/dataset/hungry/d6cda191-4962-4308-9a36-46d5648a95ed-1431882043380-1.7-m-04-hu.wav
discomfort,/home/habib/mindcloud/project/dataset/augmented/aug_discomfort_11_10.wav
discomfort,/home/habib/mindcloud/project/dataset/augmented/aug_discomfort_24_1.wav
discomfort,/home/habib/mindcloud/project/dataset/augmented/aug_discomfort_21_12.wav
discomfort,/home/habib/mindcloud/project/dataset/discomfort/2294E2B2-8E36-4DA6-A898-B947CB9446AB-1436462707-1.1-m-26-dc.wav
tired,/home/habib/mindcloud/project/dataset/augmented/aug_tired_421_11.wav
discomfort,/home/habib/mindcloud/project/dataset/augmented/aug_discomfort_14_9.wav
discomfort,/home/habib/mindcloud/project/dataset/augmented/aug_discomfort_15_7.wav
tired,/home/habib/mindcloud/project/dataset/augmented/aug_tired_427_3.wav
tired,/home/habib/mindcloud/project/dataset/augmented/aug_tired_431_5.wav
hungry,/home/habib/mindcloud/project/dataset/hungry/3bb2445a-9ae9-4dc8-9a2e-86c696ffa405-1430142760958-1.7-m-26-hu.wav
discomfort,/home/habib/mindcloud/project/dataset/augmented/aug_discomfort_25_1.wav
hungry,/home/habib/mindcloud/project/dataset/hungry/7A22229D-06C2-4AAA-9674-DE5DF1906B3A-1436891933-1.1-m-72-hu.wav
discomfort,/home/habib/mindcloud/project/dataset/augmented/aug_discomfort_20_1.wav
hungry,/home/habib/mindcloud/project/dataset/hungry/ad7fd28b-3e85-4e9b-9e18-af4bda64c60f-1430756389867-1.7-m-72-hu.wav
hungry,/home/habib/mindcloud/project/dataset/hungry/8c66887c-8251-49fa-903b-c02d56405f58-1436856137837-1.7-m-26-hu.wav
tired,/home/habib/mindcloud/project/dataset/augmented/aug_tired_422_7.wav
hungry,/home/habib/mindcloud/project/dataset/hungry/20E2B5A0-40A4-4FD8-8935-AFD1DB833510-1430127670-1.0-m-26-hu.wav
tired,/home/habib/mindcloud/project/dataset/augmented/aug_tired_421_4.wav
discomfort,/home/habib/mindcloud/project/dataset/augmented/aug_discomfort_16_11.wav
tired,/home/habib/mindcloud/project/dataset/augmented/aug_tired_422_10.wav
tired,/home/habib/mindcloud/project/dataset/augmented/aug_tired_431_15.wav
discomfort,/home/habib/mindcloud/project/dataset/discomfort/1309B82C-F146-46F0-A723-45345AFA6EA8-1430704008-1.0-f-48-dc.wav
hungry,/home/habib/mindcloud/project/dataset/hungry/81724071-bc5e-4e38-8f35-85a691af5721-1430737552979-1.7-m-04-hu.wav
tired,/home/habib/mindcloud/project/dataset/augmented/aug_tired_421_5.wav
tired,/home/habib/mindcloud/project/dataset/augmented/aug_tired_426_0.wav
hungry,/home/habib/mindcloud/project/dataset/hungry/999bf14b-e417-4b44-b746-9253f81efe38-1430972705879-1.7-m-26-hu.wav
tired,/home/habib/mindcloud/project/dataset/augmented/aug_tired_424_15.wav
hungry,/home/habib/mindcloud/project/dataset/hungry/7616E8F4-B1A7-45A6-9A0C-C9BB2DE64FC3-1436868751-1.1-m-72-hu.wav
hungry,/home/habib/mindcloud/project/dataset/hungry/8c66887c-8251-49fa-903b-c02d56405f58-1436856065644-1.7-m-26-hu.wav
hungry,/home/habib/mindcloud/project/dataset/hungry/10A40438-09AA-4A21-83B4-8119F03F7A11-1430848070-1.0-f-26-hu.wav
tired,/home/habib/mindcloud/project/dataset/augmented/aug_tired_415_10.wav
hungry,/home/habib/mindcloud/project/dataset/hungry/67414C5E-0EB2-48FD-8391-FCF085FDB6D9-1430050964-1.0-m-04-hu.wav
discomfort,/home/habib/mindcloud/project/dataset/augmented/aug_discomfort_14_2.wav
discomfort,/home/habib/mindcloud/project/dataset/augmented/aug_discomfort_13_12.wav
tired,/home/habib/mindcloud/project/dataset/augmented/aug_tired_430_12.wav
tired,/home/habib/mindcloud/project/dataset/augmented/aug_tired_424_13.wav
hungry,/home/habib/mindcloud/project/dataset/hungry/10A40438-09AA-4A21-83B4-8119F03F7A11-1430848034-1.0-f-26-hu.wav
tired,/home/habib/mindcloud/project/dataset/augmented/aug_tired_422_5.wav
discomfort,/home/habib/mindcloud/project/dataset/augmented/aug_discomfort_6_0.wav
tired,/home/habib/mindcloud/project/dataset/augmented/aug_tired_424_3.wav
hungry,/home/habib/mindcloud/project/dataset/hungry/218e6fd7-f9c5-4490-afd7-c4fba174e7d2-1430209252819-1.7-m-72-hu.wav
tired,/home/habib/mindcloud/project/dataset/augmented/aug_tired_426_3.wav
hungry,/home/habib/mindcloud/project/dataset/hungry/c10e2b0f-0cb8-4485-b82f-d453edf97db7-1430739158854-1.7-f-26-hu.wav
hungry,/home/habib/mindcloud/project/dataset/hungry/70d30513-0ec3-49e4-9976-e85785e85c2d-1431033390358-1.7-m-04-hu.wav
discomfort,/home/habib/mindcloud/project/dataset/augmented/aug_discomfort_7_9.wav
discomfort,/home/habib/mindcloud/project/dataset/augmented/aug_discomfort_22_2.wav
discomfort,/home/habib/mindcloud/project/dataset/augmented/aug_discomfort_15_12.wav
hungry,/home/habib/mindcloud/project/dataset/hungry/A123AD65-38D3-4A65-AB37-330034765840-1430093710-1.0-m-04-hu.wav
hungry,/home/habib/mindcloud/project/dataset/hungry/539FDD32-6326-422E-A707-FCF063D3426C-1437073534-1.1-f-26-hu.wav
tired,/home/habib/mindcloud/project/dataset/augmented/aug_tired_420_3.wav
tired,/home/habib/mindcloud/project/dataset/augmented/aug_tired_422_8.wav
discomfort,/home/habib/mindcloud/project/dataset/augmented/aug_discomfort_7_4.wav
discomfort,/home/habib/mindcloud/project/dataset/discomfort/999bf14b-e417-4b44-b746-9253f81efe38-1430844958178-1.7-m-04-ch.wav
hungry,/home/habib/mindcloud/project/dataset/hungry/8FDA58A7-FDC6-4421-855F-738E6E853E43-1429895751-1.0-m-26-hu.wav
tired,/home/habib/mindcloud/project/dataset/augmented/aug_tired_426_8.wav
discomfort,/home/habib/mindcloud/project/dataset/augmented/aug_discomfort_4_5.wav
discomfort,/home/habib/mindcloud/project/dataset/augmented/aug_discomfort_2_3.wav
hungry,/home/habib/mindcloud/project/dataset/hungry/3030d0e9-0c9b-4616-9b83-f10dc2dedbfd-1430053447333-1.7-m-26-hu.wav
tired,/home/habib/mindcloud/project/dataset/tired/B2AABCE0-1F62-4B57-B58A-308959ABDFE7-1437188766-1.1-m-26-ti.wav
tired,/home/habib/mindcloud/project/dataset/augmented/aug_tired_426_4.wav
discomfort,/home/habib/mindcloud/project/dataset/augmented/aug_discomfort_12_4.wav
hungry,/home/habib/mindcloud/project/dataset/hungry/177dc72e-d0f8-47ef-a5a7-3b46878e11a0-1430736533767-1.7-f-26-hu.wav
hungry,/home/habib/mindcloud/project/dataset/hungry/177dc72e-d0f8-47ef-a5a7-3b46878e11a0-1430736549614-1.7-f-26-hu.wav
discomfort,/home/habib/mindcloud/project/dataset/augmented/aug_discomfort_4_12.wav
discomfort,/home/habib/mindcloud/project/dataset/augmented/aug_discomfort_5_8.wav
hungry,/home/habib/mindcloud/project/dataset/hungry/9CFD61B9-BF13-406D-8B2F-F73CFAAF25CB-1430927716-1.0-f-04-hu.wav
hungry,/home/habib/mindcloud/project/dataset/hungry/7b23d26e-6f97-4e8b-b520-a9fdde21ee91-1432275312750-1.7-m-48-hu.wav
discomfort,/home/habib/mindcloud/project/dataset/augmented/aug_discomfort_13_3.wav
hungry,/home/habib/mindcloud/project/dataset/hungry/1b381a1e-88a6-4a48-b889-a5ccdf0aacaf-1430299568333-1.7-f-72-hu.wav
hungry,/home/habib/mindcloud/project/dataset/hungry/9090c7a3-bebc-4485-aafc-64e4298da3ac-1430109146143-1.7-f-26-hu.wav
discomfort,/home/habib/mindcloud/project/dataset/augmented/aug_discomfort_23_0.wav
hungry,/home/habib/mindcloud/project/dataset/hungry/aaa57dbd-7b88-454a-963e-6faa2f4ed4e7-1436982098411-1.7-f-04-hu.wav
hungry,/home/habib/mindcloud/project/dataset/hungry/7E4B9C14-F955-4BED-9B03-7F3096A6CBFF-1430232195-1.0-f-26-hu.wav
hungry,/home/habib/mindcloud/project/dataset/hungry/8f4dbf5a-b504-4452-b6ac-94e646a6a052-1430735028906-1.7-f-72-hu.wav
discomfort,/home/habib/mindcloud/project/dataset/augmented/aug_discomfort_22_3.wav
discomfort,/home/habib/mindcloud/project/dataset/augmented/aug_discomfort_16_5.wav
tired,/home/habib/mindcloud/project/dataset/augmented/aug_tired_414_9.wav
tired,/home/habib/mindcloud/project/dataset/augmented/aug_tired_423_1.wav
tired,/home/habib/mindcloud/project/dataset/augmented/aug_tired_429_0.wav
hungry,/home/habib/mindcloud/project/dataset/hungry/d1e236a0-e030-4137-9030-5625026cd098-1430477960643-1.2-m-04-hu.wav
hungry,/home/habib/mindcloud/project/dataset/hungry/bb2bdafb-0477-4be4-8c41-1a6192e8c6d4-1430637640279-1.7-m-72-hu.wav
tired,/home/habib/mindcloud/project/dataset/augmented/aug_tired_416_3.wav
hungry,/home/habib/mindcloud/project/dataset/hungry/F950E7E3-A1A5-4A01-99F4-9B155C3C6606-1430305696-1.0-m-72-hu.wav
tired,/home/habib/mindcloud/project/dataset/augmented/aug_tired_413_15.wav
hungry,/home/habib/mindcloud/project/dataset/hungry/50DC5FBC-AC95-44F2-B55F-E4E5FB03AC96-1430007668-1.0-m-26-hu.wav
discomfort,/home/habib/mindcloud/project/dataset/augmented/aug_discomfort_4_10.wav
discomfort,/home/habib/mindcloud/project/dataset/augmented/aug_discomfort_4_4.wav
hungry,/home/habib/mindcloud/project/dataset/hungry/F6C6D3EE-F139-48A4-9EAC-0A50EB011CDC-1430103957-1.0-m-04-hu.wav
tired,/home/habib/mindcloud/project/dataset/augmented/aug_tired_424_0.wav
hungry,/home/habib/mindcloud/project/dataset/hungry/DCB33551-F9BA-4B4A-8DA1-A3107E1AD859-1430406495-1.0-m-04-hu.wav
hungry,/home/habib/mindcloud/project/dataset/hungry/24f94b49-c8bc-4ed2-b43a-80b099f12936-1430534429690-1.7-m-04-hu.wav
discomfort,/home/habib/mindcloud/project/dataset/augmented/aug_discomfort_14_7.wav
hungry,/home/habib/mindcloud/project/dataset/hungry/3d3e244d-20b1-4ec3-9732-92dcd14ff35a-1436961241219-1.7-m-72-hu.wav
discomfort,/home/habib/mindcloud/project/dataset/augmented/aug_discomfort_3_9.wav
discomfort,/home/habib/mindcloud/project/dataset/augmented/aug_discomfort_5_11.wav
tired,/home/habib/mindcloud/project/dataset/augmented/aug_tired_432_3.wav
discomfort,/home/habib/mindcloud/project/dataset/augmented/aug_discomfort_25_4.wav
tired,/home/habib/mindcloud/project/dataset/augmented/aug_tired_418_7.wav
hungry,/home/habib/mindcloud/project/dataset/hungry/10A40438-09AA-4A21-83B4-8119F03F7A11-1430848060-1.0-f-26-hu.wav
tired,/home/habib/mindcloud/project/dataset/augmented/aug_tired_427_12.wav
hungry,/home/habib/mindcloud/project/dataset/hungry/40a4c760-facf-4911-b0a6-22eccc3ab18d-1430477726097-1.7-f-26-hu.wav
tired,/home/habib/mindcloud/project/dataset/augmented/aug_tired_425_13.wav
hungry,/home/habib/mindcloud/project/dataset/hungry/fa8620d3-e7db-4101-aff0-28dbf0d96a5f-1434296505682-1.7-f-04-hu.wav
tired,/home/habib/mindcloud/project/dataset/augmented/aug_tired_415_8.wav
hungry,/home/habib/mindcloud/project/dataset/hungry/c6fd9d60-0fa7-44c0-b3ce-0192527d7b81-1430068155237-1.7-m-72-hu.wav
tired,/home/habib/mindcloud/project/dataset/augmented/aug_tired_415_3.wav
hungry,/home/habib/mindcloud/project/dataset/hungry/b9d0daab-43c8-41f1-86af-3bcdea9af63c-1429979961789-1.7-f-22-hu.wav
discomfort,/home/habib/mindcloud/project/dataset/augmented/aug_discomfort_22_12.wav
discomfort,/home/habib/mindcloud/project/dataset/augmented/aug_discomfort_6_1.wav
tired,/home/habib/mindcloud/project/dataset/augmented/aug_tired_416_7.wav
hungry,/home/habib/mindcloud/project/dataset/hungry/cda99fcf-d010-47b4-8987-f54be313ddbd-1429973787766-1.7-f-26-hu.wav
tired,/home/habib/mindcloud/project/dataset/augmented/aug_tired_426_1.wav
discomfort,/home/habib/mindcloud/project/dataset/augmented/aug_discomfort_14_8.wav
hungry,/home/habib/mindcloud/project/dataset/hungry/0c8f14a9-6999-485b-97a2-913c1cbf099c-1430760394426-1.7-m-26-hu.wav
hungry,/home/habib/mindcloud/project/dataset/hungry/80130d3a-ceb9-4460-8464-e956bac5c40d-1436850034856-1.7-m-72-hu.wav
tired,/home/habib/mindcloud/project/dataset/augmented/aug_tired_412_12.wav
hungry,/home/habib/mindcloud/project/dataset/hungry/70d30513-0ec3-49e4-9976-e85785e85c2d-1431033405793-1.7-m-04-hu.wav
hungry,/home/habib/mindcloud/project/dataset/hungry/8c2a1f03-07f4-4aee-a73f-bc57beb2b600-1430761324670-1.7-f-26-hu.wav
discomfort,/home/habib/mindcloud/project/dataset/augmented/aug_discomfort_15_0.wav
hungry,/home/habib/mindcloud/project/dataset/hungry/549a46d8-9c84-430e-ade8-97eae2bef787-1430130760929-1.7-m-48-hu.wav
tired,/home/habib/mindcloud/project/dataset/augmented/aug_tired_415_7.wav
discomfort,/home/habib/mindcloud/project/dataset/augmented/aug_discomfort_2_1.wav
hungry,/home/habib/mindcloud/project/dataset/hungry/743E7CCA-D32B-40B6-9541-9808122D3F6B-1436860053-1.1-f-26-hu.wav
tired,/home/habib/mindcloud/project/dataset/augmented/aug_tired_413_12.wav
tired,/home/habib/mindcloud/project/dataset/augmented/aug_tired_423_5.wav
discomfort,/home/habib/mindcloud/project/dataset/augmented/aug_discomfort_12_2.wav
hungry,/home/habib/mindcloud/project/dataset/hungry/090C15A8-5406-4EA5-97A3-81F6527227C0-1430147515-1.0-m-72-hu.wav
hungry,/home/habib/mindcloud/project/dataset/hungry/8f4dbf5a-b504-4452-b6ac-94e646a6a052-1430735040980-1.7-f-72-hu.wav
tired,/home/habib/mindcloud/project/dataset/augmented/aug_tired_420_8.wav
tired,/home/habib/mindcloud/project/dataset/augmented/aug_tired_432_12.wav
tired,/home/habib/mindcloud/project/dataset/augmented/aug_tired_420_7.wav
tired,/home/habib/mindcloud/project/dataset/augmented/aug_tired_423_13.wav
tired,/home/habib/mindcloud/project/dataset/augmented/aug_tired_424_8.wav
tired,/home/habib/mindcloud/project/dataset/augmented/aug_tired_427_9.wav
hungry,/home/habib/mindcloud/project/dataset/hungry/24f94b49-c8bc-4ed2-b43a-80b099f12936-1430534715095-1.7-m-04-hu.wav
discomfort,/home/habib/mindcloud/project/dataset/discomfort/a40b9b8d-e4bc-457a-badf-f38bdbc0c358-1430016981469-1.7-m-26-dc.wav
hungry,/home/habib/mindcloud/project/dataset/hungry/F4A0C710-AC2D-42E0-8EA9-3E4CAC31EE20-1430318400-1.0-m-04-hu.wav
discomfort,/home/habib/mindcloud/project/dataset/augmented/aug_discomfort_23_10.wav
discomfort,/home/habib/mindcloud/project/dataset/augmented/aug_discomfort_14_3.wav
discomfort,/home/habib/mindcloud/project/dataset/augmented/aug_discomfort_20_11.wav
discomfort,/home/habib/mindcloud/project/dataset/augmented/aug_discomfort_13_9.wav
hungry,/home/habib/mindcloud/project/dataset/hungry/B0D9116D-8FA4-41AF-B626-BE508FD5CA04-1430832542-1.0-m-04-hu.wav
tired,/home/habib/mindcloud/project/dataset/tired/C421C6FE-DFEE-4080-8AEA-848E7CE4756B-1430548393-1.0-f-26-ti.wav
tired,/home/habib/mindcloud/project/dataset/augmented/aug_tired_429_9.wav
hungry,/home/habib/mindcloud/project/dataset/hungry/FF2CD2F6-404D-4626-8718-6E6C751F63B8-1431104337-1.0-m-04-hu.wav
hungry,/home/habib/mindcloud/project/dataset/hungry/d6cda191-4962-4308-9a36-46d5648a95ed-1430640304482-1.7-m-04-hu.wav
hungry,/home/habib/mindcloud/project/dataset/hungry/52dfc27a-fbc4-4d9f-bbcf-6406c919324a-1430041657947-1.7-m-26-hu.wav
hungry,/home/habib/mindcloud/project/dataset/hungry/ed31b187-34af-4ff1-979c-3b8a5905fb7b-1430045366784-1.7-f-04-hu.wav
discomfort,/home/habib/mindcloud/project/dataset/augmented/aug_discomfort_9_6.wav
tired,/home/habib/mindcloud/project/dataset/augmented/aug_tired_412_10.wav
hungry,/home/habib/mindcloud/project/dataset/hungry/9fe37482-6a64-401d-b8b9-3e47d6ed9ac0-1430047373513-1.7-f-26-hu.wav
hungry,/home/habib/mindcloud/project/dataset/hungry/1259bcad-2308-46fa-9a36-b5d8f359886a-1430143617162-1.7-m-04-hu.wav
discomfort,/home/habib/mindcloud/project/dataset/augmented/aug_discomfort_5_6.wav
hungry,/home/habib/mindcloud/project/dataset/hungry/9CFD61B9-BF13-406D-8B2F-F73CFAAF25CB-1430927693-1.0-f-04-hu.wav
hungry,/home/habib/mindcloud/project/dataset/hungry/f5b29377-7cd6-4688-942c-5a07add39dc5-1437178455960-1.7-f-26-hu.wav
discomfort,/home/habib/mindcloud/project/dataset/augmented/aug_discomfort_17_3.wav
discomfort,/home/habib/mindcloud/project/dataset/augmented/aug_discomfort_25_0.wav
discomfort,/home/habib/mindcloud/project/dataset/augmented/aug_discomfort_25_11.wav
tired,/home/habib/mindcloud/project/dataset/augmented/aug_tired_427_4.wav
discomfort,/home/habib/mindcloud/project/dataset/augmented/aug_discomfort_15_11.wav
discomfort,/home/habib/mindcloud/project/dataset/augmented/aug_discomfort_26_1.wav
tired,/home/habib/mindcloud/project/dataset/augmented/aug_tired_430_13.wav
hungry,/home/habib/mindcloud/project/dataset/hungry/218e6fd7-f9c5-4490-afd7-c4fba174e7d2-1430209174300-1.7-m-72-hu.wav
tired,/home/habib/mindcloud/project/dataset/augmented/aug_tired_432_0.wav
discomfort,/home/habib/mindcloud/project/dataset/discomfort/f5b29377-7cd6-4688-942c-5a07add39dc5-1437480263225-1.7-f-26-dc.wav
discomfort,/home/habib/mindcloud/project/dataset/augmented/aug_discomfort_17_12.wav
hungry,/home/habib/mindcloud/project/dataset/hungry/771fa0cc-4535-471b-9cec-d26deff8d567-1429803644891-1.7-m-04-hu.wav
hungry,/home/habib/mindcloud/project/dataset/hungry/C249BCDD-0F65-4D6A-82BE-43C4006E3DDB-1436891742-1.1-m-72-hu.wav
discomfort,/home/habib/mindcloud/project/dataset/augmented/aug_discomfort_7_8.wav
hungry,/home/habib/mindcloud/project/dataset/hungry/c6fd9d60-0fa7-44c0-b3ce-0192527d7b81-1430068167526-1.7-m-72-hu.wav
tired,/home/habib/mindcloud/project/dataset/augmented/aug_tired_430_0.wav
tired,/home/habib/mindcloud/project/dataset/augmented/aug_tired_432_2.wav
discomfort,/home/habib/mindcloud/project/dataset/augmented/aug_discomfort_7_12.wav
tired,/home/habib/mindcloud/project/dataset/augmented/aug_tired_427_5.wav
tired,/home/habib/mindcloud/project/dataset/augmented/aug_tired_421_6.wav
hungry,/home/habib/mindcloud/project/dataset/hungry/96986c8b-9988-4c37-a0f8-e7c4269cc3ac-1431719845836-1.7-m-26-hu.wav
discomfort,/home/habib/mindcloud/project/dataset/augmented/aug_discomfort_9_3.wav
hungry,/home/habib/mindcloud/project/dataset/hungry/743E7CCA-D32B-40B6-9541-9808122D3F6B-1436860028-1.1-f-26-hu.wav
tired,/home/habib/mindcloud/project/dataset/tired/06c4cfa2-7fa6-4fda-91a1-ea186a4acc64-1430029221058-1.7-f-26-ti.wav
discomfort,/home/habib/mindcloud/project/dataset/augmented/aug_discomfort_24_9.wav
tired,/home/habib/mindcloud/project/dataset/augmented/aug_tired_422_11.wav
discomfort,/home/habib/mindcloud/project/dataset/augmented/aug_discomfort_0_10.wav
tired,/home/habib/mindcloud/project/dataset/augmented/aug_tired_418_2.wav
hungry,/home/habib/mindcloud/project/dataset/hungry/459c3f85-5710-4efa-bcc9-8012aa1af55e-1430034880215-1.7-f-48-hu.wav
hungry,/home/habib/mindcloud/project/dataset/hungry/415d69b4-6d84-4bf8-97b0-10f8f108dc1d-1430739528719-1.7-m-04-hu.wav
tired,/home/habib/mindcloud/project/dataset/augmented/aug_tired_412_11.wav
tired,/home/habib/mindcloud/project/dataset/augmented/aug_tired_418_12.wav
tired,/home/habib/mindcloud/project/dataset/augmented/aug_tired_413_11.wav
tired,/home/habib/mindcloud/project/dataset/augmented/aug_tired_412_13.wav
discomfort,/home/habib/mindcloud/project/dataset/augmented/aug_discomfort_13_2.wav
discomfort,/home/habib/mindcloud/project/dataset/augmented/aug_discomfort_4_0.wav
hungry,/home/habib/mindcloud/project/dataset/hungry/2a0e6a88-b049-4f46-a3d6-d73ffae470d5-1430770161530-1.7-m-04-hu.wav
discomfort,/home/habib/mindcloud/project/dataset/augmented/aug_discomfort_13_5.wav
tired,/home/habib/mindcloud/project/dataset/augmented/aug_tired_414_2.wav
discomfort,/home/habib/mindcloud/project/dataset/augmented/aug_discomfort_7_0.wav
tired,/home/habib/mindcloud/project/dataset/augmented/aug_tired_412_15.wav
discomfort,/home/habib/mindcloud/project/dataset/augmented/aug_discomfort_24_3.wav
discomfort,/home/habib/mindcloud/project/dataset/augmented/aug_discomfort_12_5.wav
tired,/home/habib/mindcloud/project/dataset/augmented/aug_tired_412_14.wav
hungry,/home/habib/mindcloud/project/dataset/hungry/aaa57dbd-7b88-454a-963e-6faa2f4ed4e7-1436982066128-1.7-f-04-hu.wav
discomfort,/home/habib/mindcloud/project/dataset/augmented/aug_discomfort_0_2.wav
hungry,/home/habib/mindcloud/project/dataset/hungry/64acb345-a61e-4ef3-a5a6-cf83c04b83f1-1430045478300-1.7-m-72-hu.wav
tired,/home/habib/mindcloud/project/dataset/augmented/aug_tired_427_0.wav
discomfort,/home/habib/mindcloud/project/dataset/augmented/aug_discomfort_3_2.wav
discomfort,/home/habib/mindcloud/project/dataset/augmented/aug_discomfort_20_12.wav
hungry,/home/habib/mindcloud/project/dataset/hungry/F95D4BCE-2FB0-4A0C-A058-BFB0674539AF-1430055950-1.0-m-26-hu.wav
hungry,/home/habib/mindcloud/project/dataset/hungry/c6fd9d60-0fa7-44c0-b3ce-0192527d7b81-1430066825817-1.7-m-72-hu.wav
tired,/home/habib/mindcloud/project/dataset/augmented/aug_tired_416_11.wav
hungry,/home/habib/mindcloud/project/dataset/hungry/9fe37482-6a64-401d-b8b9-3e47d6ed9ac0-1430047362195-1.7-f-26-hu.wav
tired,/home/habib/mindcloud/project/dataset/augmented/aug_tired_425_11.wav
tired,/home/habib/mindcloud/project/dataset/augmented/aug_tired_425_9.wav
discomfort,/home/habib/mindcloud/project/dataset/augmented/aug_discomfort_12_12.wav
hungry,/home/habib/mindcloud/project/dataset/hungry/602b06a7-31f0-4370-b35a-9cc81d205958-1430739609286-1.7-f-72-hu.wav
hungry,/home/habib/mindcloud/project/dataset/hungry/DBA77EDC-D457-4B3A-83B8-B7AFBF272D4E-1436860486-1.1-m-72-hu.wav
discomfort,/home/habib/mindcloud/project/dataset/discomfort/1309B82C-F146-46F0-A723-45345AFA6EA8-1430703937-1.0-f-48-dc.wav
tired,/home/habib/mindcloud/project/dataset/augmented/aug_tired_423_9.wav
discomfort,/home/habib/mindcloud/project/dataset/augmented/aug_discomfort_0_5.wav
hungry,/home/habib/mindcloud/project/dataset/hungry/8c920fd0-fa9f-4926-bcac-074767dcbfcd-1436856363348-1.7-f-04-hu.wav
discomfort,/home/habib/mindcloud/project/dataset/augmented/aug_discomfort_6_9.wav
discomfort,/home/habib/mindcloud/project/dataset/augmented/aug_discomfort_22_6.wav
hungry,/home/habib/mindcloud/project/dataset/hungry/8f4dbf5a-b504-4452-b6ac-94e646a6a052-1430727792958-1.7-f-72-hu.wav
discomfort,/home/habib/mindcloud/project/dataset/augmented/aug_discomfort_23_3.wav
hungry,/home/habib/mindcloud/project/dataset/hungry/653bf718-94bd-40d0-af7c-8fe44e07640c-1430759214066-1.7-m-04-hu.wav
tired,/home/habib/mindcloud/project/dataset/augmented/aug_tired_426_10.wav
hungry,/home/habib/mindcloud/project/dataset/hungry/ae5a462b-5424-4b5b-82d5-07ccb61654ab-1431155960186-1.7-f-48-hu.wav
hungry,/home/habib/mindcloud/project/dataset/hungry/89964233-cbdb-4f34-a819-5f4b5ce3f5f5-1430049868816-1.7-f-04-hu.wav
discomfort,/home/habib/mindcloud/project/dataset/augmented/aug_discomfort_20_4.wav
discomfort,/home/habib/mindcloud/project/dataset/augmented/aug_discomfort_5_10.wav
discomfort,/home/habib/mindcloud/project/dataset/augmented/aug_discomfort_14_10.wav
discomfort,/home/habib/mindcloud/project/dataset/augmented/aug_discomfort_3_11.wav
discomfort,/home/habib/mindcloud/project/dataset/augmented/aug_discomfort_25_7.wav
hungry,/home/habib/mindcloud/project/dataset/hungry/C421C6FE-DFEE-4080-8AEA-848E7CE4756B-1430548277-1.0-f-26-hu.wav
discomfort,/home/habib/mindcloud/project/dataset/augmented/aug_discomfort_9_10.wav
hungry,/home/habib/mindcloud/project/dataset/hungry/549a46d8-9c84-430e-ade8-97eae2bef787-1430130686288-1.7-m-48-hu.wav
tired,/home/habib/mindcloud/project/dataset/augmented/aug_tired_425_4.wav
hungry,/home/habib/mindcloud/project/dataset/hungry/be21ef2a-a415-4e8b-bfe6-731bf9956e2c-1431320909516-1.7-f-26-hu.wav
discomfort,/home/habib/mindcloud/project/dataset/augmented/aug_discomfort_13_10.wav
tired,/home/habib/mindcloud/project/dataset/augmented/aug_tired_427_14.wav
discomfort,/home/habib/mindcloud/project/dataset/augmented/aug_discomfort_24_7.wav
tired,/home/habib/mindcloud/project/dataset/augmented/aug_tired_429_5.wav
discomfort,/home/habib/mindcloud/project/dataset/augmented/aug_discomfort_15_5.wav
tired,/home/habib/mindcloud/project/dataset/augmented/aug_tired_421_14.wav
hungry,/home/habib/mindcloud/project/dataset/hungry/7e3de9b8-2be5-473f-b8c3-c2657f1317bb-1430006339251-1.7-f-04-hu.wav
hungry,/home/habib/mindcloud/project/dataset/hungry/cde108d0-62c3-47f8-82c4-233c9fba5cdd-1436884406827-1.7-m-48-hu.wav
discomfort,/home/habib/mindcloud/project/dataset/augmented/aug_discomfort_17_11.wav
discomfort,/home/habib/mindcloud/project/dataset/augmented/aug_discomfort_2_4.wav
discomfort,/home/habib/mindcloud/project/dataset/augmented/aug_discomfort_4_11.wav
tired,/home/habib/mindcloud/project/dataset/augmented/aug_tired_415_2.wav
tired,/home/habib/mindcloud/project/dataset/augmented/aug_tired_413_5.wav
hungry,/home/habib/mindcloud/project/dataset/hungry/4D43D6CD-C084-4081-ABF3-8B25951B2D75-1430146631-1.0-m-04-hu.wav
tired,/home/habib/mindcloud/project/dataset/tired/ca7d8d54-13cb-4060-8db4-90651b60c078-1434674792223-1.7-f-26-ti.wav
hungry,/home/habib/mindcloud/project/dataset/hungry/F24DE44B-762C-4149-AC92-96A5E57ED118-1430816918-1.0-m-04-hu.wav
tired,/home/habib/mindcloud/project/dataset/augmented/aug_tired_412_0.wav
discomfort,/home/habib/mindcloud/project/dataset/augmented/aug_discomfort_9_8.wav
discomfort,/home/habib/mindcloud/project/dataset/discomfort/d6cda191-4962-4308-9a36-46d5648a95ed-1426942891562-1.4-f-48-dc.wav
tired,/home/habib/mindcloud/project/dataset/augmented/aug_tired_412_4.wav
hungry,/home/habib/mindcloud/project/dataset/hungry/4CD5903D-E2CE-401E-B898-D873C763F44B-1430727653-1.0-m-26-hu.wav
discomfort,/home/habib/mindcloud/project/dataset/augmented/aug_discomfort_9_9.wav
hungry,/home/habib/mindcloud/project/dataset/hungry/f896b69d-6241-4b51-9c45-0d628bc827c1-1430090255303-1.7-m-04-hu.wav
hungry,/home/habib/mindcloud/project/dataset/hungry/e37c323c-0edb-4942-be47-3cc0b2de00a1-1434392936735-1.7-f-26-hu.wav
tired,/home/habib/mindcloud/project/dataset/augmented/aug_tired_423_6.wav
tired,/home/habib/mindcloud/project/dataset/tired/d6cda191-4962-4308-9a36-46d5648a95ed-1431616581736-1.7-m-04-ti.wav
discomfort,/home/habib/mindcloud/project/dataset/discomfort/D1CB71F9-EF76-49B3-A703-41D557444D21-1436863419-1.1-f-26-dc.wav
hungry,/home/habib/mindcloud/project/dataset/hungry/3BF71DAF-2A9E-4355-89D3-41AC37E94083-1437281306-1.1-f-26-hu.wav
tired,/home/habib/mindcloud/project/dataset/augmented/aug_tired_422_12.wav
hungry,/home/habib/mindcloud/project/dataset/hungry/815af07e-4c31-4032-8bd1-dab6e60c879e-1433156413683-1.7-m-04-hu.wav
tired,/home/habib/mindcloud/project/dataset/augmented/aug_tired_425_5.wav
discomfort,/home/habib/mindcloud/project/dataset/augmented/aug_discomfort_17_9.wav
discomfort,/home/habib/mindcloud/project/dataset/augmented/aug_discomfort_24_6.wav
hungry,/home/habib/mindcloud/project/dataset/hungry/990DE219-FCD1-4634-91CE-19AB93E5D2B0-1430214575-1.0-m-04-hu.wav
tired,/home/habib/mindcloud/project/dataset/augmented/aug_tired_427_11.wav
tired,/home/habib/mindcloud/project/dataset/augmented/aug_tired_423_8.wav
tired,/home/habib/mindcloud/project/dataset/augmented/aug_tired_416_14.wav
tired,/home/habib/mindcloud/project/dataset/augmented/aug_tired_416_1.wav
tired,/home/habib/mindcloud/project/dataset/augmented/aug_tired_432_4.wav
hungry,/home/habib/mindcloud/project/dataset/hungry/090C15A8-5406-4EA5-97A3-81F6527227C0-1430147525-1.0-m-72-hu.wav
tired,/home/habib/mindcloud/project/dataset/augmented/aug_tired_427_15.wav
tired,/home/habib/mindcloud/project/dataset/augmented/aug_tired_432_6.wav
discomfort,/home/habib/mindcloud/project/dataset/augmented/aug_discomfort_23_5.wav
tired,/home/habib/mindcloud/project/dataset/augmented/aug_tired_432_9.wav
discomfort,/home/habib/mindcloud/project/dataset/augmented/aug_discomfort_14_11.wav
tired,/home/habib/mindcloud/project/dataset/augmented/aug_tired_430_6.wav
tired,/home/habib/mindcloud/project/dataset/augmented/aug_tired_420_5.wav
tired,/home/habib/mindcloud/project/dataset/augmented/aug_tired_431_8.wav
tired,/home/habib/mindcloud/project/dataset/augmented/aug_tired_430_1.wav
discomfort,/home/habib/mindcloud/project/dataset/augmented/aug_discomfort_7_6.wav
hungry,/home/habib/mindcloud/project/dataset/hungry/adcefe56-90b1-4120-83b1-93008cb6f7f0-1430731683554-1.7-m-04-hu.wav
discomfort,/home/habib/mindcloud/project/dataset/augmented/aug_discomfort_23_1.wav
tired,/home/habib/mindcloud/project/dataset/augmented/aug_tired_422_15.wav
discomfort,/home/habib/mindcloud/project/dataset/augmented/aug_discomfort_16_6.wav
hungry,/home/habib/mindcloud/project/dataset/hungry/789d2553-cbf2-4911-91e4-fb228d231238-1430818517787-1.7-m-26-hu.wav
discomfort,/home/habib/mindcloud/project/dataset/augmented/aug_discomfort_20_10.wav
hungry,/home/habib/mindcloud/project/dataset/hungry/EC2E1160-BC33-450A-A62D-DE2A4C0D42BB-1430039051-1.0-f-48-hu.wav
tired,/home/habib/mindcloud/project/dataset/augmented/aug_tired_414_7.wav
discomfort,/home/habib/mindcloud/project/dataset/augmented/aug_discomfort_9_7.wav
discomfort,/home/habib/mindcloud/project/dataset/augmented/aug_discomfort_4_3.wav
tired,/home/habib/mindcloud/project/dataset/augmented/aug_tired_418_11.wav
tired,/home/habib/mindcloud/project/dataset/augmented/aug_tired_430_10.wav
discomfort,/home/habib/mindcloud/project/dataset/augmented/aug_discomfort_6_8.wav
hungry,/home/habib/mindcloud/project/dataset/hungry/2562ad82-485a-44c2-ad25-f70fce71480b-1430045593479-1.7-m-72-hu.wav
tired,/home/habib/mindcloud/project/dataset/augmented/aug_tired_416_15.wav
discomfort,/home/habib/mindcloud/project/dataset/augmented/aug_discomfort_4_8.wav
hungry,/home/habib/mindcloud/project/dataset/hungry/815af07e-4c31-4032-8bd1-dab6e60c879e-1433156423585-1.7-m-04-hu.wav
discomfort,/home/habib/mindcloud/project/dataset/augmented/aug_discomfort_3_6.wav
tired,/home/habib/mindcloud/project/dataset/augmented/aug_tired_425_0.wav
discomfort,/home/habib/mindcloud/project/dataset/augmented/aug_discomfort_21_3.wav
tired,/home/habib/mindcloud/project/dataset/augmented/aug_tired_416_2.wav
tired,/home/habib/mindcloud/project/dataset/augmented/aug_tired_415_12.wav
hungry,/home/habib/mindcloud/project/dataset/hungry/719bb382-a592-46b7-82d2-8b4a625263b7-1430376483385-1.7-m-48-hu.wav
tired,/home/habib/mindcloud/project/dataset/augmented/aug_tired_427_1.wav
tired,/home/habib/mindcloud/project/dataset/augmented/aug_tired_427_6.wav
hungry,/home/habib/mindcloud/project/dataset/hungry/e1e640e2-78cb-4cb7-9ccc-93813bfc251c-1430738640598-1.7-m-72-hu.wav
tired,/home/habib/mindcloud/project/dataset/augmented/aug_tired_418_14.wav
tired,/home/habib/mindcloud/project/dataset/augmented/aug_tired_431_6.wav
hungry,/home/habib/mindcloud/project/dataset/hungry/aaa57dbd-7b88-454a-963e-6faa2f4ed4e7-1436982075169-1.7-f-04-hu.wav
discomfort,/home/habib/mindcloud/project/dataset/augmented/aug_discomfort_0_12.wav
discomfort,/home/habib/mindcloud/project/dataset/augmented/aug_discomfort_21_5.wav
tired,/home/habib/mindcloud/project/dataset/augmented/aug_tired_413_14.wav
tired,/home/habib/mindcloud/project/dataset/augmented/aug_tired_415_1.wav
discomfort,/home/habib/mindcloud/project/dataset/augmented/aug_discomfort_7_2.wav
tired,/home/habib/mindcloud/project/dataset/augmented/aug_tired_427_13.wav
discomfort,/home/habib/mindcloud/project/dataset/augmented/aug_discomfort_22_0.wav
discomfort,/home/habib/mindcloud/project/dataset/augmented/aug_discomfort_2_2.wav
discomfort,/home/habib/mindcloud/project/dataset/augmented/aug_discomfort_21_9.wav
discomfort,/home/habib/mindcloud/project/dataset/augmented/aug_discomfort_14_6.wav
discomfort,/home/habib/mindcloud/project/dataset/augmented/aug_discomfort_13_6.wav
discomfort,/home/habib/mindcloud/project/dataset/augmented/aug_discomfort_3_3.wav
discomfort,/home/habib/mindcloud/project/dataset/augmented/aug_discomfort_2_5.wav
tired,/home/habib/mindcloud/project/dataset/augmented/aug_tired_429_11.wav
tired,/home/habib/mindcloud/project/dataset/augmented/aug_tired_412_3.wav
discomfort,/home/habib/mindcloud/project/dataset/augmented/aug_discomfort_12_3.wav
hungry,/home/habib/mindcloud/project/dataset/hungry/21c07aff-0a8d-4e74-ad5e-e3c7f7bcb11b-1430031235662-1.7-m-04-hu.wav
hungry,/home/habib/mindcloud/project/dataset/hungry/31e785de-b0c9-464f-88e2-bd8f1dd5cda4-1433403682898-1.7-m-04-hu.wav
discomfort,/home/habib/mindcloud/project/dataset/augmented/aug_discomfort_17_4.wav
hungry,/home/habib/mindcloud/project/dataset/hungry/edb5924c-07ba-4eaa-838b-aaf9511a219b-1431894189631-1.7-m-48-hu.wav
discomfort,/home/habib/mindcloud/project/dataset/augmented/aug_discomfort_26_8.wav
hungry,/home/habib/mindcloud/project/dataset/hungry/459c3f85-5710-4efa-bcc9-8012aa1af55e-1430034895673-1.7-f-48-hu.wav
tired,/home/habib/mindcloud/project/dataset/augmented/aug_tired_424_11.wav
hungry,/home/habib/mindcloud/project/dataset/hungry/090C15A8-5406-4EA5-97A3-81F6527227C0-1430147582-1.0-m-72-hu.wav
discomfort,/home/habib/mindcloud/project/dataset/augmented/aug_discomfort_3_12.wav
discomfort,/home/habib/mindcloud/project/dataset/augmented/aug_discomfort_13_8.wav
discomfort,/home/habib/mindcloud/project/dataset/augmented/aug_discomfort_6_12.wav
discomfort,/home/habib/mindcloud/project/dataset/augmented/aug_discomfort_0_4.wav
discomfort,/home/habib/mindcloud/project/dataset/augmented/aug_discomfort_15_10.wav
hungry,/home/habib/mindcloud/project/dataset/hungry/63CA92F7-973A-4DCA-A410-7B19811A2478-1430041902-1.0-f-26-hu.wav
discomfort,/home/habib/mindcloud/project/dataset/augmented/aug_discomfort_5_2.wav
hungry,/home/habib/mindcloud/project/dataset/hungry/FAE74A94-9968-43ED-958C-50D7C4C1F13C-1430770871-1.0-f-22-hu.wav
tired,/home/habib/mindcloud/project/dataset/augmented/aug_tired_420_6.wav
discomfort,/home/habib/mindcloud/project/dataset/augmented/aug_discomfort_12_0.wav
discomfort,/home/habib/mindcloud/project/dataset/augmented/aug_discomfort_20_9.wav
tired,/home/habib/mindcloud/project/dataset/augmented/aug_tired_413_2.wav
tired,/home/habib/mindcloud/project/dataset/augmented/aug_tired_429_8.wav
tired,/home/habib/mindcloud/project/dataset/augmented/aug_tired_414_13.wav
hungry,/home/habib/mindcloud/project/dataset/hungry/52dfc27a-fbc4-4d9f-bbcf-6406c919324a-1430041644396-1.7-m-26-hu.wav
tired,/home/habib/mindcloud/project/dataset/augmented/aug_tired_431_14.wav
tired,/home/habib/mindcloud/project/dataset/augmented/aug_tired_423_3.wav
discomfort,/home/habib/mindcloud/project/dataset/augmented/aug_discomfort_13_0.wav
hungry,/home/habib/mindcloud/project/dataset/hungry/0a983cd2-0078-4698-a048-99ac01eb167a-1433917038889-1.7-f-04-hu.wav
hungry,/home/habib/mindcloud/project/dataset/hungry/24f2a4e1-7161-42a3-a2a2-a29a2422c0b8-1430814730789-1.7-f-26-hu.wav
discomfort,/home/habib/mindcloud/project/dataset/augmented/aug_discomfort_3_0.wav
discomfort,/home/habib/mindcloud/project/dataset/augmented/aug_discomfort_21_2.wav
discomfort,/home/habib/mindcloud/project/dataset/augmented/aug_discomfort_9_12.wav
tired,/home/habib/mindcloud/project/dataset/augmented/aug_tired_420_2.wav
tired,/home/habib/mindcloud/project/dataset/augmented/aug_tired_429_1.wav
discomfort,/home/habib/mindcloud/project/dataset/augmented/aug_discomfort_15_2.wav
discomfort,/home/habib/mindcloud/project/dataset/augmented/aug_discomfort_20_2.wav
discomfort,/home/habib/mindcloud/project/dataset/discomfort/10A40438-09AA-4A21-83B4-8119F03F7A11-1430925142-1.0-f-26-dc.wav
discomfort,/home/habib/mindcloud/project/dataset/augmented/aug_discomfort_15_4.wav
discomfort,/home/habib/mindcloud/project/dataset/augmented/aug_discomfort_5_12.wav
tired,/home/habib/mindcloud/project/dataset/augmented/aug_tired_423_12.wav
discomfort,/home/habib/mindcloud/project/dataset/augmented/aug_discomfort_16_12.wav
hungry,/home/habib/mindcloud/project/dataset/hungry/5E01DC60-1DE3-4AF9-A661-7F649EAE457D-1430141106-1.0-m-26-hu.wav
hungry,/home/habib/mindcloud/project/dataset/hungry/c10e2b0f-0cb8-4485-b82f-d453edf97db7-1430738986076-1.7-f-26-hu.wav
discomfort,/home/habib/mindcloud/project/dataset/augmented/aug_discomfort_13_1.wav
hungry,/home/habib/mindcloud/project/dataset/hungry/1259bcad-2308-46fa-9a36-b5d8f359886a-1430143668806-1.7-f-04-hu.wav
hungry,/home/habib/mindcloud/project/dataset/hungry/7E4B9C14-F955-4BED-9B03-7F3096A6CBFF-1430232180-1.0-f-26-hu.wav
tired,/home/habib/mindcloud/project/dataset/tired/eea17285-4ab9-4d34-a2f5-55fc8c866ac6-1431887695278-1.7-f-26-ti.wav
tired,/home/habib/mindcloud/project/dataset/augmented/aug_tired_414_15.wav
hungry,/home/habib/mindcloud/project/dataset/hungry/D54D9C2A-56ED-4338-9D1F-2ADB4E081DAD-1429807598-1.0-m-48-hu.wav
tired,/home/habib/mindcloud/project/dataset/augmented/aug_tired_421_15.wav
discomfort,/home/habib/mindcloud/project/dataset/augmented/aug_discomfort_6_7.wav
tired,/home/habib/mindcloud/project/dataset/augmented/aug_tired_431_0.wav
hungry,/home/habib/mindcloud/project/dataset/hungry/e1e640e2-78cb-4cb7-9ccc-93813bfc251c-1430738652322-1.7-m-72-hu.wav
tired,/home/habib/mindcloud/project/dataset/augmented/aug_tired_425_8.wav
discomfort,/home/habib/mindcloud/project/dataset/augmented/aug_discomfort_4_6.wav
tired,/home/habib/mindcloud/project/dataset/augmented/aug_tired_431_13.wav
discomfort,/home/habib/mindcloud/project/dataset/augmented/aug_discomfort_11_5.wav
discomfort,/home/habib/mindcloud/project/dataset/augmented/aug_discomfort_16_8.wav
hungry,/home/habib/mindcloud/project/dataset/hungry/80f5ab0a-16c1-4738-9209-fbdae52ff769-1430140636917-1.7-f-04-hu.wav
hungry,/home/habib/mindcloud/project/dataset/hungry/F3BAEDDA-CDC0-4A65-90EE-5C372CEE4F3B-1437012059-1.1-m-26-hu.wav
tired,/home/habib/mindcloud/project/dataset/augmented/aug_tired_413_13.wav
discomfort,/home/habib/mindcloud/project/dataset/augmented/aug_discomfort_3_5.wav
hungry,/home/habib/mindcloud/project/dataset/hungry/46002244-7304-45DC-BF69-B6EC2BB25009-1436902364-1.1-f-48-hu.wav
tired,/home/habib/mindcloud/project/dataset/augmented/aug_tired_430_5.wav
discomfort,/home/habib/mindcloud/project/dataset/augmented/aug_discomfort_26_4.wav
hungry,/home/habib/mindcloud/project/dataset/hungry/69374818-7b73-48ac-8200-e6a225e293fb-1430746080630-1.7-m-04-hu.wav
hungry,/home/habib/mindcloud/project/dataset/hungry/719bb382-a592-46b7-82d2-8b4a625263b7-1430376501744-1.7-m-48-hu.wav
tired,/home/habib/mindcloud/project/dataset/tired/d5abedab-9ed5-48d0-a83b-fc00c33d6d6b-1430079192907-1.7-f-04-ti.wav
hungry,/home/habib/mindcloud/project/dataset/hungry/1abb2260-a652-4ba7-bd98-7d463312730f-1430041727150-1.7-m-04-hu.wav
discomfort,/home/habib/mindcloud/project/dataset/augmented/aug_discomfort_16_2.wav
tired,/home/habib/mindcloud/project/dataset/augmented/aug_tired_431_1.wav
hungry,/home/habib/mindcloud/project/dataset/hungry/aaa57dbd-7b88-454a-963e-6faa2f4ed4e7-1436910235521-1.7-f-04-hu.wav
discomfort,/home/habib/mindcloud/project/dataset/augmented/aug_discomfort_23_11.wav
hungry,/home/habib/mindcloud/project/dataset/hungry/F2F97740-D638-4B6F-9E09-3AC65F06B448-1436849313-1.1-f-48-hu.wav
tired,/home/habib/mindcloud/project/dataset/augmented/aug_tired_414_0.wav
hungry,/home/habib/mindcloud/project/dataset/hungry/3bb2445a-9ae9-4dc8-9a2e-86c696ffa405-1430122479873-1.7-m-26-hu.wav
hungry,/home/habib/mindcloud/project/dataset/hungry/549a46d8-9c84-430e-ade8-97eae2bef787-1430130714659-1.7-m-48-hu.wav
tired,/home/habib/mindcloud/project/dataset/augmented/aug_tired_420_12.wav
tired,/home/habib/mindcloud/project/dataset/augmented/aug_tired_416_12.wav
discomfort,/home/habib/mindcloud/project/dataset/augmented/aug_discomfort_15_1.wav
hungry,/home/habib/mindcloud/project/dataset/hungry/CC8771B1-C84E-4223-A010-029A7629A975-1434107299-1.1-f-04-hu.wav
discomfort,/home/habib/mindcloud/project/dataset/augmented/aug_discomfort_17_7.wav
hungry,/home/habib/mindcloud/project/dataset/hungry/d1e236a0-e030-4137-9030-5625026cd098-1430477951092-1.2-m-04-hu.wav
discomfort,/home/habib/mindcloud/project/dataset/augmented/aug_discomfort_15_3.wav
tired,/home/habib/mindcloud/project/dataset/augmented/aug_tired_413_3.wav
tired,/home/habib/mindcloud/project/dataset/augmented/aug_tired_426_13.wav
discomfort,/home/habib/mindcloud/project/dataset/augmented/aug_discomfort_22_9.wav
discomfort,/home/habib/mindcloud/project/dataset/augmented/aug_discomfort_24_8.wav
hungry,/home/habib/mindcloud/project/dataset/hungry/8f4dbf5a-b504-4452-b6ac-94e646a6a052-1430735057816-1.7-f-72-hu.wav
hungry,/home/habib/mindcloud/project/dataset/hungry/5728DDD6-149B-412F-A14B-C29B9B5E415F-1432635069-1.0-m-26-hu.wav
hungry,/home/habib/mindcloud/project/dataset/hungry/AA2CA7F6-4547-4CC0-AA4C-5D7B64727FB5-1437123487-1.1-f-26-hu.wav
tired,/home/habib/mindcloud/project/dataset/augmented/aug_tired_429_10.wav
discomfort,/home/habib/mindcloud/project/dataset/augmented/aug_discomfort_15_6.wav
tired,/home/habib/mindcloud/project/dataset/augmented/aug_tired_423_7.wav
discomfort,/home/habib/mindcloud/project/dataset/augmented/aug_discomfort_17_8.wav
tired,/home/habib/mindcloud/project/dataset/augmented/aug_tired_421_2.wav
discomfort,/home/habib/mindcloud/project/dataset/augmented/aug_discomfort_21_1.wav
discomfort,/home/habib/mindcloud/project/dataset/augmented/aug_discomfort_6_6.wav
hungry,/home/habib/mindcloud/project/dataset/hungry/bb2bdafb-0477-4be4-8c41-1a6192e8c6d4-1430637663087-1.7-m-72-hu.wav
discomfort,/home/habib/mindcloud/project/dataset/augmented/aug_discomfort_5_4.wav
tired,/home/habib/mindcloud/project/dataset/augmented/aug_tired_431_11.wav
hungry,/home/habib/mindcloud/project/dataset/hungry/7E4B9C14-F955-4BED-9B03-7F3096A6CBFF-1430232166-1.0-f-26-hu.wav
discomfort,/home/habib/mindcloud/project/dataset/augmented/aug_discomfort_2_10.wav
discomfort,/home/habib/mindcloud/project/dataset/augmented/aug_discomfort_5_0.wav
hungry,/home/habib/mindcloud/project/dataset/hungry/FF2CD2F6-404D-4626-8718-6E6C751F63B8-1431104360-1.0-m-04-hu.wav
hungry,/home/habib/mindcloud/project/dataset/hungry/4be720ce-a5e5-4a48-930f-a212f8a239f6-1434737668804-1.7-f-48-hu.wav
hungry,/home/habib/mindcloud/project/dataset/hungry/323cab80-2551-4a46-8c3d-62c7a5264afa-1430382588301-1.7-m-22-hu.wav
discomfort,/home/habib/mindcloud/project/dataset/augmented/aug_discomfort_6_10.wav
discomfort,/home/habib/mindcloud/project/dataset/augmented/aug_discomfort_7_5.wav
tired,/home/habib/mindcloud/project/dataset/augmented/aug_tired_422_1.wav
tired,/home/habib/mindcloud/project/dataset/augmented/aug_tired_426_12.wav
tired,/home/habib/mindcloud/project/dataset/augmented/aug_tired_418_4.wav
hungry,/home/habib/mindcloud/project/dataset/hungry/21c07aff-0a8d-4e74-ad5e-e3c7f7bcb11b-1430105653796-1.7-m-04-hu.wav
hungry,/home/habib/mindcloud/project/dataset/hungry/aaa57dbd-7b88-454a-963e-6faa2f4ed4e7-1437166513710-1.7-f-04-hu.wav
discomfort,/home/habib/mindcloud/project/dataset/augmented/aug_discomfort_5_3.wav
hungry,/home/habib/mindcloud/project/dataset/hungry/3bb2445a-9ae9-4dc8-9a2e-86c696ffa405-1430122005544-1.7-m-26-hu.wav
discomfort,/home/habib/mindcloud/project/dataset/augmented/aug_discomfort_6_11.wav
hungry,/home/habib/mindcloud/project/dataset/hungry/64acb345-a61e-4ef3-a5a6-cf83c04b83f1-1430058973897-1.7-m-72-hu.wav
hungry,/home/habib/mindcloud/project/dataset/hungry/35D58153-7AB7-443D-BED0-2D7ABF73743F-1431855847-1.1-m-04-hu.wav
tired,/home/habib/mindcloud/project/dataset/tired/06c4cfa2-7fa6-4fda-91a1-ea186a4acc64-1430029246453-1.7-f-26-ti.wav
discomfort,/home/habib/mindcloud/project/dataset/augmented/aug_discomfort_9_0.wav
tired,/home/habib/mindcloud/project/dataset/augmented/aug_tired_431_9.wav
discomfort,/home/habib/mindcloud/project/dataset/discomfort/999bf14b-e417-4b44-b746-9253f81efe38-1430845035663-1.7-m-26-ch.wav
hungry,/home/habib/mindcloud/project/dataset/hungry/A123AD65-38D3-4A65-AB37-330034765840-1430093726-1.0-m-04-hu.wav
tired,/home/habib/mindcloud/project/dataset/augmented/aug_tired_432_7.wav
discomfort,/home/habib/mindcloud/project/dataset/augmented/aug_discomfort_22_5.wav
discomfort,/home/habib/mindcloud/project/dataset/augmented/aug_discomfort_3_4.wav
discomfort,/home/habib/mindcloud/project/dataset/augmented/aug_discomfort_24_11.wav
tired,/home/habib/mindcloud/project/dataset/augmented/aug_tired_421_10.wav
tired,/home/habib/mindcloud/project/dataset/augmented/aug_tired_430_9.wav
discomfort,/home/habib/mindcloud/project/dataset/augmented/aug_discomfort_7_1.wav
discomfort,/home/habib/mindcloud/project/dataset/augmented/aug_discomfort_21_11.wav
hungry,/home/habib/mindcloud/project/dataset/hungry/F2F97740-D638-4B6F-9E09-3AC65F06B448-1436849335-1.1-f-48-hu.wav
discomfort,/home/habib/mindcloud/project/dataset/augmented/aug_discomfort_5_5.wav
discomfort,/home/habib/mindcloud/project/dataset/augmented/aug_discomfort_5_1.wav
discomfort,/home/habib/mindcloud/project/dataset/augmented/aug_discomfort_20_5.wav
hungry,/home/habib/mindcloud/project/dataset/hungry/F4A65A98-ADEE-49C4-9B45-65A8429DF170-1430232330-1.0-m-72-hu.wav
discomfort,/home/habib/mindcloud/project/dataset/augmented/aug_discomfort_13_4.wav
discomfort,/home/habib/mindcloud/project/dataset/augmented/aug_discomfort_17_5.wav
tired,/home/habib/mindcloud/project/dataset/augmented/aug_tired_421_1.wav
discomfort,/home/habib/mindcloud/project/dataset/augmented/aug_discomfort_20_0.wav
discomfort,/home/habib/mindcloud/project/dataset/augmented/aug_discomfort_7_7.wav
hungry,/home/habib/mindcloud/project/dataset/hungry/7d1c2cd2-6fa1-499f-8ca8-a298198be4e7-1436850081753-1.7-m-04-hu.wav
tired,/home/habib/mindcloud/project/dataset/augmented/aug_tired_421_0.wav
tired,/home/habib/mindcloud/project/dataset/augmented/aug_tired_429_15.wav
discomfort,/home/habib/mindcloud/project/dataset/augmented/aug_discomfort_2_7.wav
tired,/home/habib/mindcloud/project/dataset/augmented/aug_tired_420_11.wav
hungry,/home/habib/mindcloud/project/dataset/hungry/D1CB71F9-EF76-49B3-A703-41D557444D21-1436863366-1.1-m-04-hu.wav
hungry,/home/habib/mindcloud/project/dataset/hungry/1445575b-80ad-477b-8e48-36194cac728e-1430244987914-1.7-f-48-hu.wav
hungry,/home/habib/mindcloud/project/dataset/hungry/375308C6-F894-49A5-B246-8C2819E9C6ED-1430416651-1.0-m-04-hu.wav
tired,/home/habib/mindcloud/project/dataset/augmented/aug_tired_413_1.wav
hungry,/home/habib/mindcloud/project/dataset/hungry/ed31b187-34af-4ff1-979c-3b8a5905fb7b-1430044808480-1.7-m-04-hu.wav
hungry,/home/habib/mindcloud/project/dataset/hungry/F6C6D3EE-F139-48A4-9EAC-0A50EB011CDC-1430103974-1.0-m-04-hu.wav
discomfort,/home/habib/mindcloud/project/dataset/discomfort/d6cda191-4962-4308-9a36-46d5648a95ed-1431086262776-1.7-m-04-ch.wav
tired,/home/habib/mindcloud/project/dataset/augmented/aug_tired_431_7.wav
tired,/home/habib/mindcloud/project/dataset/augmented/aug_tired_414_14.wav
tired,/home/habib/mindcloud/project/dataset/augmented/aug_tired_425_3.wav
discomfort,/home/habib/mindcloud/project/dataset/augmented/aug_discomfort_16_1.wav
hungry,/home/habib/mindcloud/project/dataset/hungry/3DF341FA-E90B-4335-A51A-A9B0769150CE-1436859328-1.1-m-04-hu.wav
discomfort,/home/habib/mindcloud/project/dataset/augmented/aug_discomfort_6_4.wav
hungry,/home/habib/mindcloud/project/dataset/hungry/aaa57dbd-7b88-454a-963e-6faa2f4ed4e7-1436988612387-1.7-f-04-hu.wav
discomfort,/home/habib/mindcloud/project/dataset/augmented/aug_discomfort_25_6.wav
hungry,/home/habib/mindcloud/project/dataset/hungry/9fe37482-6a64-401d-b8b9-3e47d6ed9ac0-1430047590938-1.7-f-26-hu.wav
discomfort,/home/habib/mindcloud/project/dataset/augmented/aug_discomfort_25_8.wav
discomfort,/home/habib/mindcloud/project/dataset/augmented/aug_discomfort_0_9.wav
hungry,/home/habib/mindcloud/project/dataset/hungry/3030d0e9-0c9b-4616-9b83-f10dc2dedbfd-1430053464739-1.7-m-26-hu.wav
tired,/home/habib/mindcloud/project/dataset/augmented/aug_tired_418_10.wav
hungry,/home/habib/mindcloud/project/dataset/hungry/F24DE44B-762C-4149-AC92-96A5E57ED118-1430816936-1.0-m-04-hu.wav
tired,/home/habib/mindcloud/project/dataset/augmented/aug_tired_413_0.wav
hungry,/home/habib/mindcloud/project/dataset/hungry/86c2b87a-ae7c-46a3-b6fb-7ebe748812cf-1430036547966-1.7-m-04-hu.wav
hungry,/home/habib/mindcloud/project/dataset/hungry/539FDD32-6326-422E-A707-FCF063D3426C-1437073544-1.1-f-26-hu.wav
tired,/home/habib/mindcloud/project/dataset/augmented/aug_tired_413_8.wav
tired,/home/habib/mindcloud/project/dataset/tired/5B416CE8-2591-4531-9ADC-86D085B5D48B-1430144827-1.0-m-48-ti.wav
discomfort,/home/habib/mindcloud/project/dataset/augmented/aug_discomfort_14_1.wav
hungry,/home/habib/mindcloud/project/dataset/hungry/5f0a1ed4-ee2c-493c-bc00-6b56aad78a72-1430933240505-1.7-m-72-hu.wav
discomfort,/home/habib/mindcloud/project/dataset/augmented/aug_discomfort_17_6.wav
hungry,/home/habib/mindcloud/project/dataset/hungry/edb5924c-07ba-4eaa-838b-aaf9511a219b-1431899400326-1.7-m-48-hu.wav
hungry,/home/habib/mindcloud/project/dataset/hungry/3c51dedc-6e4c-47dd-a179-86a25e95f1ef-1430651019625-1.7-m-04-hu.wav
hungry,/home/habib/mindcloud/project/dataset/hungry/4be720ce-a5e5-4a48-930f-a212f8a239f6-1434774947458-1.7-f-48-hu.wav
discomfort,/home/habib/mindcloud/project/dataset/augmented/aug_discomfort_2_11.wav
tired,/home/habib/mindcloud/project/dataset/augmented/aug_tired_422_9.wav
hungry,/home/habib/mindcloud/project/dataset/hungry/9CFD61B9-BF13-406D-8B2F-F73CFAAF25CB-1430927704-1.0-f-04-hu.wav
